-4,-14,VE68kKoZ0uKtXjxGuXLEZoNKm1Q=,nH4/Bn/KjKeJgCBxsTGZTMepPOs=
-5,-15,VE68kKoZ0uKtXjxGuXLEZoNKm1Q=,+Dvl1psxkGWUhW4pwJqvefYy06o=
-4,-15,VE68kKoZ0uKtXjxGuXLEZoNKm1Q=,iSCYrf0IYudLpn6c5Z3ZvjMfZbk=
-3,-14,VE68kKoZ0uKtXjxGuXLEZoNKm1Q=,nH4/Bn/KjKeJgCBxsTGZTMepPOs=
-2,-14,VE68kKoZ0uKtXjxGuXLEZoNKm1Q=,gut2lnT++ECpQKwFNLhP5iHssJ4=
-3,-15,VE68kKoZ0uKtXjxGuXLEZoNKm1Q=,iSCYrf0IYudLpn6c5Z3ZvjMfZbk=
-2,-15,VE68kKoZ0uKtXjxGuXLEZoNKm1Q=,BPO2ZJLV80pMlZUggD+3JLPzF7g=
-3,-12,VE68kKoZ0uKtXjxGuXLEZoNKm1Q=,D5jT/g2AOQUThEIowp20+OfSlFk=
-2,-13,VE68kKoZ0uKtXjxGuXLEZoNKm1Q=,gut2lnT++ECpQKwFNLhP5iHssJ4=
-3,-13,VE68kKoZ0uKtXjxGuXLEZoNKm1Q=,nH4/Bn/KjKeJgCBxsTGZTMepPOs=
-2,-12,VE68kKoZ0uKtXjxGuXLEZoNKm1Q=,U29Z+27G0xt3NnTAVyBjaRuA8b8=
-4,-8,4u1xxUV6bcUjPhO5xOtxkw2knVc=,wJy7p9d10zHXjFQAwhpB5ozEdoE=
-5,-9,4u1xxUV6bcUjPhO5xOtxkw2knVc=,qb8RqfVor80RYzvN8D1AI5zMZ58=
-4,-9,4u1xxUV6bcUjPhO5xOtxkw2knVc=,7MpNzvnTduzXZUFZF0SGS4qA/s8=
-5,-8,4u1xxUV6bcUjPhO5xOtxkw2knVc=,VjBQeikdlRIR62cA2GVCR89iruE=
-2,-11,4u1xxUV6bcUjPhO5xOtxkw2knVc=,U29Z+27G0xt3NnTAVyBjaRuA8b8=
-2,-10,4u1xxUV6bcUjPhO5xOtxkw2knVc=,KZez5c8xyeULyDAU6C7IxjHKwIw=
-3,-11,4u1xxUV6bcUjPhO5xOtxkw2knVc=,D5jT/g2AOQUThEIowp20+OfSlFk=
-3,-10,4u1xxUV6bcUjPhO5xOtxkw2knVc=,7MpNzvnTduzXZUFZF0SGS4qA/s8=
-4,-7,4u1xxUV6bcUjPhO5xOtxkw2knVc=,wJy7p9d10zHXjFQAwhpB5ozEdoE=
-5,-6,4u1xxUV6bcUjPhO5xOtxkw2knVc=,VsXYwvXKckdtyYOEPtj3dHqR3vQ=
-4,-6,4u1xxUV6bcUjPhO5xOtxkw2knVc=,g0UhPktiKZ2QYp1+1FkJtG3ujZg=
-5,-7,4u1xxUV6bcUjPhO5xOtxkw2knVc=,VjBQeikdlRIR62cA2GVCR89iruE=
-2,-8,4u1xxUV6bcUjPhO5xOtxkw2knVc=,+hSY4JDJLc9HyIhIZmiLjt585s4=
-2,-6,4u1xxUV6bcUjPhO5xOtxkw2knVc=,ogwpSkG2j5rcrPLYPSG9Fhp+Qhk=
-3,-8,4u1xxUV6bcUjPhO5xOtxkw2knVc=,wJy7p9d10zHXjFQAwhpB5ozEdoE=
-2,-9,4u1xxUV6bcUjPhO5xOtxkw2knVc=,KZez5c8xyeULyDAU6C7IxjHKwIw=
-3,-9,4u1xxUV6bcUjPhO5xOtxkw2knVc=,7MpNzvnTduzXZUFZF0SGS4qA/s8=
-2,-7,4u1xxUV6bcUjPhO5xOtxkw2knVc=,+hSY4JDJLc9HyIhIZmiLjt585s4=
-3,-6,4u1xxUV6bcUjPhO5xOtxkw2knVc=,g0UhPktiKZ2QYp1+1FkJtG3ujZg=
-3,-7,4u1xxUV6bcUjPhO5xOtxkw2knVc=,wJy7p9d10zHXjFQAwhpB5ozEdoE=
-3,-4,puQdUy8NNCCavEwAELjh6PXr0kM=,tBWIlKoRMm6XlOop26oGMxGIVBU=
-2,-4,puQdUy8NNCCavEwAELjh6PXr0kM=,7+74/BF3KCf+ZMyvzVLXOygZ3/g=
-3,-5,puQdUy8NNCCavEwAELjh6PXr0kM=,g0UhPktiKZ2QYp1+1FkJtG3ujZg=
-2,-5,puQdUy8NNCCavEwAELjh6PXr0kM=,ogwpSkG2j5rcrPLYPSG9Fhp+Qhk=
-5,-5,puQdUy8NNCCavEwAELjh6PXr0kM=,VsXYwvXKckdtyYOEPtj3dHqR3vQ=
-5,-4,puQdUy8NNCCavEwAELjh6PXr0kM=,mERdR2PasZZCHCshkVEcCAfvQ0s=
-4,-5,puQdUy8NNCCavEwAELjh6PXr0kM=,g0UhPktiKZ2QYp1+1FkJtG3ujZg=
-4,-4,puQdUy8NNCCavEwAELjh6PXr0kM=,tBWIlKoRMm6XlOop26oGMxGIVBU=
-7,-3,pLPyVmuvoYzTelA2S8xOM+1h1CA=,G2GuxjldMxJYFBFTq+PkPQBVWSY=
-9,-3,pLPyVmuvoYzTelA2S8xOM+1h1CA=,dFj4XOCEox/tmifCdZIYo9SUeIQ=
-8,-2,pLPyVmuvoYzTelA2S8xOM+1h1CA=,IZLGFhDnikF6tEqtykje/FOlVx0=
-8,-3,pLPyVmuvoYzTelA2S8xOM+1h1CA=,G2GuxjldMxJYFBFTq+PkPQBVWSY=
-7,-2,pLPyVmuvoYzTelA2S8xOM+1h1CA=,IZLGFhDnikF6tEqtykje/FOlVx0=
-6,-3,pLPyVmuvoYzTelA2S8xOM+1h1CA=,mERdR2PasZZCHCshkVEcCAfvQ0s=
-6,-2,pLPyVmuvoYzTelA2S8xOM+1h1CA=,n9n8B3BeDzaCwV+z7WYagXrbrjg=
-9,-2,pLPyVmuvoYzTelA2S8xOM+1h1CA=,IovxqaFVVvZT/YOODtFaMgNSwJs=
-10,-2,pLPyVmuvoYzTelA2S8xOM+1h1CA=,IovxqaFVVvZT/YOODtFaMgNSwJs=
-11,-3,pLPyVmuvoYzTelA2S8xOM+1h1CA=,YCkuBsccBN+OIv+CQtgbrJUgoSU=
-11,-2,pLPyVmuvoYzTelA2S8xOM+1h1CA=,Kq14CeVc4hJfLyXLUf5IX8xt2yY=
-10,-3,pLPyVmuvoYzTelA2S8xOM+1h1CA=,dFj4XOCEox/tmifCdZIYo9SUeIQ=
-13,-3,pLPyVmuvoYzTelA2S8xOM+1h1CA=,xZsfvayBpO/i7sqQDZv03uhgftA=
-13,-2,pLPyVmuvoYzTelA2S8xOM+1h1CA=,WoV6H0tOkOiEpdYU6MP+tjuE9uc=
-12,-3,pLPyVmuvoYzTelA2S8xOM+1h1CA=,YCkuBsccBN+OIv+CQtgbrJUgoSU=
-12,-2,pLPyVmuvoYzTelA2S8xOM+1h1CA=,Kq14CeVc4hJfLyXLUf5IX8xt2yY=
-13,-4,y70M+UmStVtk6sPFd95bBoAKRUA=,xZsfvayBpO/i7sqQDZv03uhgftA=
-12,-4,y70M+UmStVtk6sPFd95bBoAKRUA=,YCkuBsccBN+OIv+CQtgbrJUgoSU=
-12,-5,y70M+UmStVtk6sPFd95bBoAKRUA=,FW1tu3L5/velNq38fU1A1xvctzY=
-13,-5,y70M+UmStVtk6sPFd95bBoAKRUA=,22H0h23RVr220JQndnceg6vKYPM=
-13,-7,f8gcsLf2/IXEkH637LXXeWejevI=,BormgYTXNBHaw0Gjc/NDTGG3N+s=
-12,-7,f8gcsLf2/IXEkH637LXXeWejevI=,BNwPgbvGkvFGluHISXIfqtImHqo=
-12,-6,f8gcsLf2/IXEkH637LXXeWejevI=,FW1tu3L5/velNq38fU1A1xvctzY=
-13,-6,f8gcsLf2/IXEkH637LXXeWejevI=,22H0h23RVr220JQndnceg6vKYPM=
-13,-8,f8gcsLf2/IXEkH637LXXeWejevI=,BormgYTXNBHaw0Gjc/NDTGG3N+s=
-12,-8,f8gcsLf2/IXEkH637LXXeWejevI=,BNwPgbvGkvFGluHISXIfqtImHqo=
-12,-9,f8gcsLf2/IXEkH637LXXeWejevI=,QqliAOqNSK8Xd0W5Fkycd5S2+uE=
-13,-9,f8gcsLf2/IXEkH637LXXeWejevI=,J6Y5DYGpYsnQ6BTJ1M2IuSZjORo=
-13,-11,f8gcsLf2/IXEkH637LXXeWejevI=,ywUw6zvg3NiWClFljOAi67tn5X0=
-12,-10,f8gcsLf2/IXEkH637LXXeWejevI=,QqliAOqNSK8Xd0W5Fkycd5S2+uE=
-12,-11,f8gcsLf2/IXEkH637LXXeWejevI=,j8z2m51VLT3dv8yh2WcYHjIXP5w=
-13,-10,f8gcsLf2/IXEkH637LXXeWejevI=,J6Y5DYGpYsnQ6BTJ1M2IuSZjORo=
-13,-12,8XEi8zKa6vYveGNRgzzhV9QRJMA=,ywUw6zvg3NiWClFljOAi67tn5X0=
-13,-13,8XEi8zKa6vYveGNRgzzhV9QRJMA=,PqFsRno8vX9FI68AXVXhJSVQiRM=
-12,-13,8XEi8zKa6vYveGNRgzzhV9QRJMA=,fP1zjbTRIC2Fysid7v6R9uq5uWU=
-12,-12,8XEi8zKa6vYveGNRgzzhV9QRJMA=,j8z2m51VLT3dv8yh2WcYHjIXP5w=
-8,-13,8XEi8zKa6vYveGNRgzzhV9QRJMA=,/4jLxtsqrf1rQTTwb7lbVetee3I=
-9,-13,8XEi8zKa6vYveGNRgzzhV9QRJMA=,gjuo6o8/W1N6gxu/9P8wnu5GziQ=
-8,-12,8XEi8zKa6vYveGNRgzzhV9QRJMA=,s/VphSmgtd4NVdOrfD2zwFL4zgE=
-11,-13,8XEi8zKa6vYveGNRgzzhV9QRJMA=,fP1zjbTRIC2Fysid7v6R9uq5uWU=
-10,-13,8XEi8zKa6vYveGNRgzzhV9QRJMA=,gjuo6o8/W1N6gxu/9P8wnu5GziQ=
-10,-12,8XEi8zKa6vYveGNRgzzhV9QRJMA=,fXIWKrFr5pSY1Hfnfc1fB3qRuxU=
-9,-12,8XEi8zKa6vYveGNRgzzhV9QRJMA=,fXIWKrFr5pSY1Hfnfc1fB3qRuxU=
-11,-12,8XEi8zKa6vYveGNRgzzhV9QRJMA=,j8z2m51VLT3dv8yh2WcYHjIXP5w=
-6,-4,Sqt4bDeZHw9wyfottwerJVYoiyk=,mERdR2PasZZCHCshkVEcCAfvQ0s=
-6,-5,Sqt4bDeZHw9wyfottwerJVYoiyk=,VsXYwvXKckdtyYOEPtj3dHqR3vQ=
-7,-4,Sqt4bDeZHw9wyfottwerJVYoiyk=,G2GuxjldMxJYFBFTq+PkPQBVWSY=
-7,-5,Sqt4bDeZHw9wyfottwerJVYoiyk=,BHUvU81yMT/KkWwAKPYsKE2dYj4=
-8,-11,Sqt4bDeZHw9wyfottwerJVYoiyk=,s/VphSmgtd4NVdOrfD2zwFL4zgE=
-9,-11,Sqt4bDeZHw9wyfottwerJVYoiyk=,fXIWKrFr5pSY1Hfnfc1fB3qRuxU=
-11,-11,Sqt4bDeZHw9wyfottwerJVYoiyk=,j8z2m51VLT3dv8yh2WcYHjIXP5w=
-11,-10,Sqt4bDeZHw9wyfottwerJVYoiyk=,QqliAOqNSK8Xd0W5Fkycd5S2+uE=
-8,-10,Sqt4bDeZHw9wyfottwerJVYoiyk=,pDyhn1E+1nWcIfFMy7MHXPsKTUw=
-10,-10,Sqt4bDeZHw9wyfottwerJVYoiyk=,3aRKXK8DCx5do7wO9FQ32fpNoGo=
-10,-11,Sqt4bDeZHw9wyfottwerJVYoiyk=,fXIWKrFr5pSY1Hfnfc1fB3qRuxU=
-6,-6,Sqt4bDeZHw9wyfottwerJVYoiyk=,VsXYwvXKckdtyYOEPtj3dHqR3vQ=
-6,-7,Sqt4bDeZHw9wyfottwerJVYoiyk=,VjBQeikdlRIR62cA2GVCR89iruE=
-7,-6,Sqt4bDeZHw9wyfottwerJVYoiyk=,BHUvU81yMT/KkWwAKPYsKE2dYj4=
-9,-10,Sqt4bDeZHw9wyfottwerJVYoiyk=,3aRKXK8DCx5do7wO9FQ32fpNoGo=
-7,-7,Sqt4bDeZHw9wyfottwerJVYoiyk=,iCfYQ+vOagHWU6Wvg6B1+rl+Oxc=
-7,-9,Sqt4bDeZHw9wyfottwerJVYoiyk=,pDyhn1E+1nWcIfFMy7MHXPsKTUw=
-6,-9,Sqt4bDeZHw9wyfottwerJVYoiyk=,qb8RqfVor80RYzvN8D1AI5zMZ58=
-7,-8,Sqt4bDeZHw9wyfottwerJVYoiyk=,iCfYQ+vOagHWU6Wvg6B1+rl+Oxc=
-6,-8,Sqt4bDeZHw9wyfottwerJVYoiyk=,VjBQeikdlRIR62cA2GVCR89iruE=
-13,-1,Sqt4bDeZHw9wyfottwerJVYoiyk=,WoV6H0tOkOiEpdYU6MP+tjuE9uc=
-12,-1,Sqt4bDeZHw9wyfottwerJVYoiyk=,Kq14CeVc4hJfLyXLUf5IX8xt2yY=
-10,-1,Sqt4bDeZHw9wyfottwerJVYoiyk=,IovxqaFVVvZT/YOODtFaMgNSwJs=
-11,-1,Sqt4bDeZHw9wyfottwerJVYoiyk=,Kq14CeVc4hJfLyXLUf5IX8xt2yY=
-6,-1,Sqt4bDeZHw9wyfottwerJVYoiyk=,n9n8B3BeDzaCwV+z7WYagXrbrjg=
-9,-1,Sqt4bDeZHw9wyfottwerJVYoiyk=,IovxqaFVVvZT/YOODtFaMgNSwJs=
-8,-1,Sqt4bDeZHw9wyfottwerJVYoiyk=,IZLGFhDnikF6tEqtykje/FOlVx0=
-7,-1,Sqt4bDeZHw9wyfottwerJVYoiyk=,IZLGFhDnikF6tEqtykje/FOlVx0=
-11,-8,Sqt4bDeZHw9wyfottwerJVYoiyk=,BNwPgbvGkvFGluHISXIfqtImHqo=
-8,-8,Sqt4bDeZHw9wyfottwerJVYoiyk=,iCfYQ+vOagHWU6Wvg6B1+rl+Oxc=
-10,-9,Sqt4bDeZHw9wyfottwerJVYoiyk=,3aRKXK8DCx5do7wO9FQ32fpNoGo=
-11,-9,Sqt4bDeZHw9wyfottwerJVYoiyk=,QqliAOqNSK8Xd0W5Fkycd5S2+uE=
-8,-9,Sqt4bDeZHw9wyfottwerJVYoiyk=,pDyhn1E+1nWcIfFMy7MHXPsKTUw=
-9,-9,Sqt4bDeZHw9wyfottwerJVYoiyk=,3aRKXK8DCx5do7wO9FQ32fpNoGo=
-9,-8,Sqt4bDeZHw9wyfottwerJVYoiyk=,YXbvKOu/DoD+43bRvjSM63WXrgw=
-10,-8,Sqt4bDeZHw9wyfottwerJVYoiyk=,YXbvKOu/DoD+43bRvjSM63WXrgw=
-1,-4,Sqt4bDeZHw9wyfottwerJVYoiyk=,7+74/BF3KCf+ZMyvzVLXOygZ3/g=
-1,-5,Sqt4bDeZHw9wyfottwerJVYoiyk=,ogwpSkG2j5rcrPLYPSG9Fhp+Qhk=
-11,-5,Sqt4bDeZHw9wyfottwerJVYoiyk=,FW1tu3L5/velNq38fU1A1xvctzY=
-9,-7,Sqt4bDeZHw9wyfottwerJVYoiyk=,YXbvKOu/DoD+43bRvjSM63WXrgw=
-10,-7,Sqt4bDeZHw9wyfottwerJVYoiyk=,YXbvKOu/DoD+43bRvjSM63WXrgw=
-11,-4,Sqt4bDeZHw9wyfottwerJVYoiyk=,YCkuBsccBN+OIv+CQtgbrJUgoSU=
-10,-5,Sqt4bDeZHw9wyfottwerJVYoiyk=,3/+Uk7fIHuv5jZ6MO/JwbmWgch0=
-9,-5,Sqt4bDeZHw9wyfottwerJVYoiyk=,3/+Uk7fIHuv5jZ6MO/JwbmWgch0=
-8,-7,Sqt4bDeZHw9wyfottwerJVYoiyk=,iCfYQ+vOagHWU6Wvg6B1+rl+Oxc=
-9,-6,Sqt4bDeZHw9wyfottwerJVYoiyk=,3/+Uk7fIHuv5jZ6MO/JwbmWgch0=
-9,-4,Sqt4bDeZHw9wyfottwerJVYoiyk=,dFj4XOCEox/tmifCdZIYo9SUeIQ=
-10,-4,Sqt4bDeZHw9wyfottwerJVYoiyk=,dFj4XOCEox/tmifCdZIYo9SUeIQ=
-8,-4,Sqt4bDeZHw9wyfottwerJVYoiyk=,G2GuxjldMxJYFBFTq+PkPQBVWSY=
-8,-5,Sqt4bDeZHw9wyfottwerJVYoiyk=,BHUvU81yMT/KkWwAKPYsKE2dYj4=
-8,-6,Sqt4bDeZHw9wyfottwerJVYoiyk=,BHUvU81yMT/KkWwAKPYsKE2dYj4=
-11,-7,Sqt4bDeZHw9wyfottwerJVYoiyk=,BNwPgbvGkvFGluHISXIfqtImHqo=
-10,-6,Sqt4bDeZHw9wyfottwerJVYoiyk=,3/+Uk7fIHuv5jZ6MO/JwbmWgch0=
-11,-6,Sqt4bDeZHw9wyfottwerJVYoiyk=,FW1tu3L5/velNq38fU1A1xvctzY=
-6,-15,EaWgPMjfSHwfiHGhH50QjZnxR84=,+Dvl1psxkGWUhW4pwJqvefYy06o=
-6,-16,EaWgPMjfSHwfiHGhH50QjZnxR84=,+Dvl1psxkGWUhW4pwJqvefYy06o=
-8,-14,EaWgPMjfSHwfiHGhH50QjZnxR84=,/4jLxtsqrf1rQTTwb7lbVetee3I=
-7,-14,EaWgPMjfSHwfiHGhH50QjZnxR84=,/4jLxtsqrf1rQTTwb7lbVetee3I=
-8,-16,EaWgPMjfSHwfiHGhH50QjZnxR84=,EzRJxfCECfuxThT3xHe3dt53KII=
-9,-15,EaWgPMjfSHwfiHGhH50QjZnxR84=,yI1vUyF6RLOjn0q9lyxpcfuPdEE=
-7,-16,EaWgPMjfSHwfiHGhH50QjZnxR84=,EzRJxfCECfuxThT3xHe3dt53KII=
-9,-14,EaWgPMjfSHwfiHGhH50QjZnxR84=,gjuo6o8/W1N6gxu/9P8wnu5GziQ=
-8,-15,EaWgPMjfSHwfiHGhH50QjZnxR84=,EzRJxfCECfuxThT3xHe3dt53KII=
-7,-15,EaWgPMjfSHwfiHGhH50QjZnxR84=,EzRJxfCECfuxThT3xHe3dt53KII=
-9,-16,EaWgPMjfSHwfiHGhH50QjZnxR84=,yI1vUyF6RLOjn0q9lyxpcfuPdEE=
-1,-3,EaWgPMjfSHwfiHGhH50QjZnxR84=,7+74/BF3KCf+ZMyvzVLXOygZ3/g=
-1,-2,EaWgPMjfSHwfiHGhH50QjZnxR84=,R45g//QoximqW8G+pL6mXIYKVp4=
-1,-1,EaWgPMjfSHwfiHGhH50QjZnxR84=,R45g//QoximqW8G+pL6mXIYKVp4=
-3,-1,EaWgPMjfSHwfiHGhH50QjZnxR84=,gOvSweaVDN8OHyh9eW9DypZFpp4=
-3,-3,EaWgPMjfSHwfiHGhH50QjZnxR84=,tBWIlKoRMm6XlOop26oGMxGIVBU=
-2,-2,EaWgPMjfSHwfiHGhH50QjZnxR84=,R45g//QoximqW8G+pL6mXIYKVp4=
-5,-2,EaWgPMjfSHwfiHGhH50QjZnxR84=,n9n8B3BeDzaCwV+z7WYagXrbrjg=
-2,-1,EaWgPMjfSHwfiHGhH50QjZnxR84=,R45g//QoximqW8G+pL6mXIYKVp4=
-5,-1,EaWgPMjfSHwfiHGhH50QjZnxR84=,n9n8B3BeDzaCwV+z7WYagXrbrjg=
-4,-2,EaWgPMjfSHwfiHGhH50QjZnxR84=,gOvSweaVDN8OHyh9eW9DypZFpp4=
-4,-1,EaWgPMjfSHwfiHGhH50QjZnxR84=,gOvSweaVDN8OHyh9eW9DypZFpp4=
-3,-2,EaWgPMjfSHwfiHGhH50QjZnxR84=,gOvSweaVDN8OHyh9eW9DypZFpp4=
-4,-3,EaWgPMjfSHwfiHGhH50QjZnxR84=,tBWIlKoRMm6XlOop26oGMxGIVBU=
-5,-3,EaWgPMjfSHwfiHGhH50QjZnxR84=,mERdR2PasZZCHCshkVEcCAfvQ0s=
-2,-3,EaWgPMjfSHwfiHGhH50QjZnxR84=,7+74/BF3KCf+ZMyvzVLXOygZ3/g=
-13,-15,EaWgPMjfSHwfiHGhH50QjZnxR84=,1D2CvY+r8MZFg9RtCX99/y4dKZU=
-13,-14,EaWgPMjfSHwfiHGhH50QjZnxR84=,PqFsRno8vX9FI68AXVXhJSVQiRM=
-10,-14,EaWgPMjfSHwfiHGhH50QjZnxR84=,gjuo6o8/W1N6gxu/9P8wnu5GziQ=
-12,-15,EaWgPMjfSHwfiHGhH50QjZnxR84=,SWT9q1lF+mILCnf1bIXpYMEV35w=
-11,-15,EaWgPMjfSHwfiHGhH50QjZnxR84=,SWT9q1lF+mILCnf1bIXpYMEV35w=
-11,-14,EaWgPMjfSHwfiHGhH50QjZnxR84=,fP1zjbTRIC2Fysid7v6R9uq5uWU=
-12,-14,EaWgPMjfSHwfiHGhH50QjZnxR84=,fP1zjbTRIC2Fysid7v6R9uq5uWU=
-10,-15,EaWgPMjfSHwfiHGhH50QjZnxR84=,yI1vUyF6RLOjn0q9lyxpcfuPdEE=
-15,-12,EaWgPMjfSHwfiHGhH50QjZnxR84=,g9QUybyehV79+znpST1oWF4C8pY=
-14,-14,EaWgPMjfSHwfiHGhH50QjZnxR84=,PqFsRno8vX9FI68AXVXhJSVQiRM=
-14,-15,EaWgPMjfSHwfiHGhH50QjZnxR84=,1D2CvY+r8MZFg9RtCX99/y4dKZU=
-14,-12,EaWgPMjfSHwfiHGhH50QjZnxR84=,ywUw6zvg3NiWClFljOAi67tn5X0=
-15,-15,EaWgPMjfSHwfiHGhH50QjZnxR84=,ZLZCF3VIe4qnL6LwDEHXf6VWdeA=
-15,-14,EaWgPMjfSHwfiHGhH50QjZnxR84=,UYhpEpcO6H+btnZ9AsWK5P5SyIg=
-14,-13,EaWgPMjfSHwfiHGhH50QjZnxR84=,PqFsRno8vX9FI68AXVXhJSVQiRM=
-15,-13,EaWgPMjfSHwfiHGhH50QjZnxR84=,UYhpEpcO6H+btnZ9AsWK5P5SyIg=
-15,-6,EaWgPMjfSHwfiHGhH50QjZnxR84=,iryeZR+bD+e4JCH4hkg2Qri18qE=
-15,-7,EaWgPMjfSHwfiHGhH50QjZnxR84=,ymjcFKRxN6yxmTYvBFRo09Ochuc=
-14,-6,EaWgPMjfSHwfiHGhH50QjZnxR84=,22H0h23RVr220JQndnceg6vKYPM=
-14,-7,EaWgPMjfSHwfiHGhH50QjZnxR84=,BormgYTXNBHaw0Gjc/NDTGG3N+s=
-15,-8,EaWgPMjfSHwfiHGhH50QjZnxR84=,ymjcFKRxN6yxmTYvBFRo09Ochuc=
-15,-9,BnpnhFbkyUF/6QH0GVffhp0pIqA=,3LW+41yiHcQFkL2V8AbIOk0PHq4=
-15,-10,BnpnhFbkyUF/6QH0GVffhp0pIqA=,3LW+41yiHcQFkL2V8AbIOk0PHq4=
-15,-11,BnpnhFbkyUF/6QH0GVffhp0pIqA=,g9QUybyehV79+znpST1oWF4C8pY=
-14,-8,BnpnhFbkyUF/6QH0GVffhp0pIqA=,BormgYTXNBHaw0Gjc/NDTGG3N+s=
-14,-10,BnpnhFbkyUF/6QH0GVffhp0pIqA=,J6Y5DYGpYsnQ6BTJ1M2IuSZjORo=
-14,-9,BnpnhFbkyUF/6QH0GVffhp0pIqA=,J6Y5DYGpYsnQ6BTJ1M2IuSZjORo=
-16,-6,BnpnhFbkyUF/6QH0GVffhp0pIqA=,iryeZR+bD+e4JCH4hkg2Qri18qE=
-14,-11,BnpnhFbkyUF/6QH0GVffhp0pIqA=,ywUw6zvg3NiWClFljOAi67tn5X0=
-16,-7,BnpnhFbkyUF/6QH0GVffhp0pIqA=,ymjcFKRxN6yxmTYvBFRo09Ochuc=
-16,-8,BnpnhFbkyUF/6QH0GVffhp0pIqA=,ymjcFKRxN6yxmTYvBFRo09Ochuc=
-16,-9,BnpnhFbkyUF/6QH0GVffhp0pIqA=,3LW+41yiHcQFkL2V8AbIOk0PHq4=
-1,-12,BnpnhFbkyUF/6QH0GVffhp0pIqA=,U29Z+27G0xt3NnTAVyBjaRuA8b8=
-1,-13,BnpnhFbkyUF/6QH0GVffhp0pIqA=,gut2lnT++ECpQKwFNLhP5iHssJ4=
-3,-16,BnpnhFbkyUF/6QH0GVffhp0pIqA=,iSCYrf0IYudLpn6c5Z3ZvjMfZbk=
-5,-16,BnpnhFbkyUF/6QH0GVffhp0pIqA=,+Dvl1psxkGWUhW4pwJqvefYy06o=
-4,-16,BnpnhFbkyUF/6QH0GVffhp0pIqA=,iSCYrf0IYudLpn6c5Z3ZvjMfZbk=
-2,-16,BnpnhFbkyUF/6QH0GVffhp0pIqA=,BPO2ZJLV80pMlZUggD+3JLPzF7g=
-1,-14,BnpnhFbkyUF/6QH0GVffhp0pIqA=,gut2lnT++ECpQKwFNLhP5iHssJ4=
-1,-16,BnpnhFbkyUF/6QH0GVffhp0pIqA=,BPO2ZJLV80pMlZUggD+3JLPzF7g=
-1,-15,BnpnhFbkyUF/6QH0GVffhp0pIqA=,BPO2ZJLV80pMlZUggD+3JLPzF7g=
-1,-6,BnpnhFbkyUF/6QH0GVffhp0pIqA=,ogwpSkG2j5rcrPLYPSG9Fhp+Qhk=
-1,-7,BnpnhFbkyUF/6QH0GVffhp0pIqA=,+hSY4JDJLc9HyIhIZmiLjt585s4=
-1,-11,BnpnhFbkyUF/6QH0GVffhp0pIqA=,U29Z+27G0xt3NnTAVyBjaRuA8b8=
-1,-9,BnpnhFbkyUF/6QH0GVffhp0pIqA=,KZez5c8xyeULyDAU6C7IxjHKwIw=
-1,-10,BnpnhFbkyUF/6QH0GVffhp0pIqA=,KZez5c8xyeULyDAU6C7IxjHKwIw=
-1,-8,BnpnhFbkyUF/6QH0GVffhp0pIqA=,+hSY4JDJLc9HyIhIZmiLjt585s4=
-10,-16,BnpnhFbkyUF/6QH0GVffhp0pIqA=,yI1vUyF6RLOjn0q9lyxpcfuPdEE=
-11,-16,BnpnhFbkyUF/6QH0GVffhp0pIqA=,SWT9q1lF+mILCnf1bIXpYMEV35w=
-13,-16,BnpnhFbkyUF/6QH0GVffhp0pIqA=,1D2CvY+r8MZFg9RtCX99/y4dKZU=
-12,-16,BnpnhFbkyUF/6QH0GVffhp0pIqA=,SWT9q1lF+mILCnf1bIXpYMEV35w=
-4,-10,BnpnhFbkyUF/6QH0GVffhp0pIqA=,7MpNzvnTduzXZUFZF0SGS4qA/s8=
-4,-12,BnpnhFbkyUF/6QH0GVffhp0pIqA=,D5jT/g2AOQUThEIowp20+OfSlFk=
-7,-13,BnpnhFbkyUF/6QH0GVffhp0pIqA=,/4jLxtsqrf1rQTTwb7lbVetee3I=
-7,-12,BnpnhFbkyUF/6QH0GVffhp0pIqA=,s/VphSmgtd4NVdOrfD2zwFL4zgE=
-4,-11,BnpnhFbkyUF/6QH0GVffhp0pIqA=,D5jT/g2AOQUThEIowp20+OfSlFk=
-6,-10,BnpnhFbkyUF/6QH0GVffhp0pIqA=,qb8RqfVor80RYzvN8D1AI5zMZ58=
-6,-12,BnpnhFbkyUF/6QH0GVffhp0pIqA=,7p7cjgJND+pdIgKp/QkSzxHFxFk=
-5,-12,BnpnhFbkyUF/6QH0GVffhp0pIqA=,7p7cjgJND+pdIgKp/QkSzxHFxFk=
-5,-10,BnpnhFbkyUF/6QH0GVffhp0pIqA=,qb8RqfVor80RYzvN8D1AI5zMZ58=
-7,-11,BnpnhFbkyUF/6QH0GVffhp0pIqA=,s/VphSmgtd4NVdOrfD2zwFL4zgE=
-7,-10,BnpnhFbkyUF/6QH0GVffhp0pIqA=,pDyhn1E+1nWcIfFMy7MHXPsKTUw=
-6,-11,BnpnhFbkyUF/6QH0GVffhp0pIqA=,7p7cjgJND+pdIgKp/QkSzxHFxFk=
-5,-11,BnpnhFbkyUF/6QH0GVffhp0pIqA=,7p7cjgJND+pdIgKp/QkSzxHFxFk=
-15,-16,BnpnhFbkyUF/6QH0GVffhp0pIqA=,ZLZCF3VIe4qnL6LwDEHXf6VWdeA=
-4,-13,BnpnhFbkyUF/6QH0GVffhp0pIqA=,nH4/Bn/KjKeJgCBxsTGZTMepPOs=
-14,-16,BnpnhFbkyUF/6QH0GVffhp0pIqA=,1D2CvY+r8MZFg9RtCX99/y4dKZU=
-16,-14,BnpnhFbkyUF/6QH0GVffhp0pIqA=,UYhpEpcO6H+btnZ9AsWK5P5SyIg=
-16,-16,BnpnhFbkyUF/6QH0GVffhp0pIqA=,ZLZCF3VIe4qnL6LwDEHXf6VWdeA=
-16,-15,BnpnhFbkyUF/6QH0GVffhp0pIqA=,ZLZCF3VIe4qnL6LwDEHXf6VWdeA=
-16,-10,BnpnhFbkyUF/6QH0GVffhp0pIqA=,3LW+41yiHcQFkL2V8AbIOk0PHq4=
-16,-11,BnpnhFbkyUF/6QH0GVffhp0pIqA=,g9QUybyehV79+znpST1oWF4C8pY=
-16,-13,BnpnhFbkyUF/6QH0GVffhp0pIqA=,UYhpEpcO6H+btnZ9AsWK5P5SyIg=
-16,-12,BnpnhFbkyUF/6QH0GVffhp0pIqA=,g9QUybyehV79+znpST1oWF4C8pY=
-15,-1,BnpnhFbkyUF/6QH0GVffhp0pIqA=,tlY4fWeGMeH2PV+N52TcAH/Tg14=
-16,-1,BnpnhFbkyUF/6QH0GVffhp0pIqA=,tlY4fWeGMeH2PV+N52TcAH/Tg14=
-14,-1,BnpnhFbkyUF/6QH0GVffhp0pIqA=,WoV6H0tOkOiEpdYU6MP+tjuE9uc=
-14,-5,BnpnhFbkyUF/6QH0GVffhp0pIqA=,22H0h23RVr220JQndnceg6vKYPM=
-15,-2,BnpnhFbkyUF/6QH0GVffhp0pIqA=,tlY4fWeGMeH2PV+N52TcAH/Tg14=
-14,-4,BnpnhFbkyUF/6QH0GVffhp0pIqA=,xZsfvayBpO/i7sqQDZv03uhgftA=
-14,-2,BnpnhFbkyUF/6QH0GVffhp0pIqA=,WoV6H0tOkOiEpdYU6MP+tjuE9uc=
-16,-5,BnpnhFbkyUF/6QH0GVffhp0pIqA=,iryeZR+bD+e4JCH4hkg2Qri18qE=
-15,-5,BnpnhFbkyUF/6QH0GVffhp0pIqA=,iryeZR+bD+e4JCH4hkg2Qri18qE=
-16,-2,BnpnhFbkyUF/6QH0GVffhp0pIqA=,tlY4fWeGMeH2PV+N52TcAH/Tg14=
-14,-3,BnpnhFbkyUF/6QH0GVffhp0pIqA=,xZsfvayBpO/i7sqQDZv03uhgftA=
-16,-4,BnpnhFbkyUF/6QH0GVffhp0pIqA=,NQdZFXCjVMCGKTHtGzbp6IiWGGw=
-15,-4,BnpnhFbkyUF/6QH0GVffhp0pIqA=,NQdZFXCjVMCGKTHtGzbp6IiWGGw=
-16,-3,BnpnhFbkyUF/6QH0GVffhp0pIqA=,NQdZFXCjVMCGKTHtGzbp6IiWGGw=
-15,-3,BnpnhFbkyUF/6QH0GVffhp0pIqA=,NQdZFXCjVMCGKTHtGzbp6IiWGGw=
-13,-20,BnpnhFbkyUF/6QH0GVffhp0pIqA=,BWxC3Jj5u8hg6PgHtD/bGI3UqHM=
-12,-20,BnpnhFbkyUF/6QH0GVffhp0pIqA=,mpTBvQLBMxmKQh/jB8LERPt7l4g=
-13,-21,BnpnhFbkyUF/6QH0GVffhp0pIqA=,sbVIrkLLDvszA5e1GsmZFw4k83E=
-12,-21,BnpnhFbkyUF/6QH0GVffhp0pIqA=,oYMRRCSe1qshrTRtfWI74jAkGC0=
-11,-22,wTmfcg6ZWlKGLdcDJi3wuojCohs=,oYMRRCSe1qshrTRtfWI74jAkGC0=
-10,-23,wTmfcg6ZWlKGLdcDJi3wuojCohs=,r8ly+1RtjjDWSZB9yJbfnemZ48Q=
-11,-21,wTmfcg6ZWlKGLdcDJi3wuojCohs=,oYMRRCSe1qshrTRtfWI74jAkGC0=
-10,-22,wTmfcg6ZWlKGLdcDJi3wuojCohs=,ZaD4Bq7nJ7gKKCusS6zi2XMM9B0=
-10,-20,wTmfcg6ZWlKGLdcDJi3wuojCohs=,LzV3px1NMFtmlgUs0v4EoZOJjGE=
-10,-21,wTmfcg6ZWlKGLdcDJi3wuojCohs=,ZaD4Bq7nJ7gKKCusS6zi2XMM9B0=
-11,-23,wTmfcg6ZWlKGLdcDJi3wuojCohs=,amsdhAlbHrT9U7BnGf+8H0BHX6o=
-11,-20,wTmfcg6ZWlKGLdcDJi3wuojCohs=,mpTBvQLBMxmKQh/jB8LERPt7l4g=
-5,-22,wTmfcg6ZWlKGLdcDJi3wuojCohs=,g62gUveQbbX/50ac5VO7Bk9FqQg=
-4,-22,wTmfcg6ZWlKGLdcDJi3wuojCohs=,WXdyvzZypEsCPiyjWEF1roDYIJc=
-4,-23,wTmfcg6ZWlKGLdcDJi3wuojCohs=,dAHSe7pYNXp5Tfp9R+tKnHcrzoE=
-5,-23,wTmfcg6ZWlKGLdcDJi3wuojCohs=,D9ayXkohmP7dM2HwZQ1QXj7SLpQ=
-6,-23,wTmfcg6ZWlKGLdcDJi3wuojCohs=,D9ayXkohmP7dM2HwZQ1QXj7SLpQ=
-9,-23,wTmfcg6ZWlKGLdcDJi3wuojCohs=,r8ly+1RtjjDWSZB9yJbfnemZ48Q=
-9,-22,wTmfcg6ZWlKGLdcDJi3wuojCohs=,ZaD4Bq7nJ7gKKCusS6zi2XMM9B0=
-8,-22,wTmfcg6ZWlKGLdcDJi3wuojCohs=,ZbyQCoq65aC+YaAx+bpg5r0WjZc=
-6,-22,wTmfcg6ZWlKGLdcDJi3wuojCohs=,g62gUveQbbX/50ac5VO7Bk9FqQg=
-7,-23,wTmfcg6ZWlKGLdcDJi3wuojCohs=,J8Y3QN0I/1esMMKd5VOh91Nt+lc=
-7,-22,wTmfcg6ZWlKGLdcDJi3wuojCohs=,ZbyQCoq65aC+YaAx+bpg5r0WjZc=
-8,-23,wTmfcg6ZWlKGLdcDJi3wuojCohs=,J8Y3QN0I/1esMMKd5VOh91Nt+lc=
-13,-18,wTmfcg6ZWlKGLdcDJi3wuojCohs=,hIN2Wa/8JBX8ttLoubVGmwQqPjU=
-13,-19,wTmfcg6ZWlKGLdcDJi3wuojCohs=,BWxC3Jj5u8hg6PgHtD/bGI3UqHM=
-12,-18,wTmfcg6ZWlKGLdcDJi3wuojCohs=,PGPirENSRU1jZBgivD3+y05WI4c=
-12,-19,wTmfcg6ZWlKGLdcDJi3wuojCohs=,mpTBvQLBMxmKQh/jB8LERPt7l4g=
-14,-21,wTmfcg6ZWlKGLdcDJi3wuojCohs=,sbVIrkLLDvszA5e1GsmZFw4k83E=
-15,-21,wTmfcg6ZWlKGLdcDJi3wuojCohs=,LKDzEbBOVXEm20+gCKSHhitvW7Q=
-14,-20,wTmfcg6ZWlKGLdcDJi3wuojCohs=,BWxC3Jj5u8hg6PgHtD/bGI3UqHM=
-14,-19,wTmfcg6ZWlKGLdcDJi3wuojCohs=,BWxC3Jj5u8hg6PgHtD/bGI3UqHM=
-14,-18,wTmfcg6ZWlKGLdcDJi3wuojCohs=,hIN2Wa/8JBX8ttLoubVGmwQqPjU=
-15,-18,wTmfcg6ZWlKGLdcDJi3wuojCohs=,H8Xfh/1btKCeIb4IHW6Q7gh7j4E=
-12,-17,wTmfcg6ZWlKGLdcDJi3wuojCohs=,PGPirENSRU1jZBgivD3+y05WI4c=
-14,-17,wTmfcg6ZWlKGLdcDJi3wuojCohs=,hIN2Wa/8JBX8ttLoubVGmwQqPjU=
-13,-17,wTmfcg6ZWlKGLdcDJi3wuojCohs=,hIN2Wa/8JBX8ttLoubVGmwQqPjU=
-15,-17,wTmfcg6ZWlKGLdcDJi3wuojCohs=,H8Xfh/1btKCeIb4IHW6Q7gh7j4E=
-8,-17,ZOK/bO2oLuW6sPtxPiYI/mZbv4Q=,114jCT3xxj7pDmu3vnTpi7ArFJk=
-9,-17,ZOK/bO2oLuW6sPtxPiYI/mZbv4Q=,rpUo8DewXDEb7tfnz5hoh/uCGxU=
-11,-19,ZOK/bO2oLuW6sPtxPiYI/mZbv4Q=,mpTBvQLBMxmKQh/jB8LERPt7l4g=
-10,-19,ZOK/bO2oLuW6sPtxPiYI/mZbv4Q=,LzV3px1NMFtmlgUs0v4EoZOJjGE=
-11,-18,ZOK/bO2oLuW6sPtxPiYI/mZbv4Q=,PGPirENSRU1jZBgivD3+y05WI4c=
-11,-17,ZOK/bO2oLuW6sPtxPiYI/mZbv4Q=,PGPirENSRU1jZBgivD3+y05WI4c=
-10,-18,ZOK/bO2oLuW6sPtxPiYI/mZbv4Q=,rpUo8DewXDEb7tfnz5hoh/uCGxU=
-10,-17,ZOK/bO2oLuW6sPtxPiYI/mZbv4Q=,rpUo8DewXDEb7tfnz5hoh/uCGxU=
-6,-21,ZOK/bO2oLuW6sPtxPiYI/mZbv4Q=,g62gUveQbbX/50ac5VO7Bk9FqQg=
-9,-19,ZOK/bO2oLuW6sPtxPiYI/mZbv4Q=,LzV3px1NMFtmlgUs0v4EoZOJjGE=
-8,-18,ZOK/bO2oLuW6sPtxPiYI/mZbv4Q=,114jCT3xxj7pDmu3vnTpi7ArFJk=
-9,-21,ZOK/bO2oLuW6sPtxPiYI/mZbv4Q=,ZaD4Bq7nJ7gKKCusS6zi2XMM9B0=
-7,-19,ZOK/bO2oLuW6sPtxPiYI/mZbv4Q=,Ign1V/4s0dczxfvvbEYZvQaY984=
-9,-20,ZOK/bO2oLuW6sPtxPiYI/mZbv4Q=,LzV3px1NMFtmlgUs0v4EoZOJjGE=
-7,-18,ZOK/bO2oLuW6sPtxPiYI/mZbv4Q=,114jCT3xxj7pDmu3vnTpi7ArFJk=
-8,-20,ZOK/bO2oLuW6sPtxPiYI/mZbv4Q=,Ign1V/4s0dczxfvvbEYZvQaY984=
-7,-20,ZOK/bO2oLuW6sPtxPiYI/mZbv4Q=,Ign1V/4s0dczxfvvbEYZvQaY984=
-8,-19,ZOK/bO2oLuW6sPtxPiYI/mZbv4Q=,Ign1V/4s0dczxfvvbEYZvQaY984=
-7,-21,ZOK/bO2oLuW6sPtxPiYI/mZbv4Q=,ZbyQCoq65aC+YaAx+bpg5r0WjZc=
-8,-21,ZOK/bO2oLuW6sPtxPiYI/mZbv4Q=,ZbyQCoq65aC+YaAx+bpg5r0WjZc=
-9,-18,ZOK/bO2oLuW6sPtxPiYI/mZbv4Q=,rpUo8DewXDEb7tfnz5hoh/uCGxU=
-4,-21,ZOK/bO2oLuW6sPtxPiYI/mZbv4Q=,WXdyvzZypEsCPiyjWEF1roDYIJc=
-5,-21,ZOK/bO2oLuW6sPtxPiYI/mZbv4Q=,g62gUveQbbX/50ac5VO7Bk9FqQg=
-4,-20,ZOK/bO2oLuW6sPtxPiYI/mZbv4Q=,lGnRPedJLcXJ40T8gHXTGdC7d2Q=
-3,-21,ZOK/bO2oLuW6sPtxPiYI/mZbv4Q=,WXdyvzZypEsCPiyjWEF1roDYIJc=
-3,-22,ZOK/bO2oLuW6sPtxPiYI/mZbv4Q=,WXdyvzZypEsCPiyjWEF1roDYIJc=
-2,-20,ZOK/bO2oLuW6sPtxPiYI/mZbv4Q=,iegPCDE+0/Dn3NXW9aJK+u+itbg=
-2,-22,ZOK/bO2oLuW6sPtxPiYI/mZbv4Q=,C0vqkPSH8VZgeM0l6F/C6oXoxEk=
-2,-23,ZOK/bO2oLuW6sPtxPiYI/mZbv4Q=,xHq0iVC4cWY2t3wrhntaqSYpfYQ=
-3,-20,ZOK/bO2oLuW6sPtxPiYI/mZbv4Q=,lGnRPedJLcXJ40T8gHXTGdC7d2Q=
-3,-23,ZOK/bO2oLuW6sPtxPiYI/mZbv4Q=,dAHSe7pYNXp5Tfp9R+tKnHcrzoE=
-2,-21,ZOK/bO2oLuW6sPtxPiYI/mZbv4Q=,C0vqkPSH8VZgeM0l6F/C6oXoxEk=
-2,-24,ZOK/bO2oLuW6sPtxPiYI/mZbv4Q=,xHq0iVC4cWY2t3wrhntaqSYpfYQ=
-2,-25,ZOK/bO2oLuW6sPtxPiYI/mZbv4Q=,PBU/12xVpiwIE1SaArFZIlnTcoA=
-3,-24,ZOK/bO2oLuW6sPtxPiYI/mZbv4Q=,dAHSe7pYNXp5Tfp9R+tKnHcrzoE=
-1,-25,ZOK/bO2oLuW6sPtxPiYI/mZbv4Q=,PBU/12xVpiwIE1SaArFZIlnTcoA=
-1,-24,ZOK/bO2oLuW6sPtxPiYI/mZbv4Q=,xHq0iVC4cWY2t3wrhntaqSYpfYQ=
-1,-22,ZOK/bO2oLuW6sPtxPiYI/mZbv4Q=,C0vqkPSH8VZgeM0l6F/C6oXoxEk=
-1,-23,HexkxilGvOWLk7k8kpYrOMnAISY=,xHq0iVC4cWY2t3wrhntaqSYpfYQ=
-1,-20,HexkxilGvOWLk7k8kpYrOMnAISY=,iegPCDE+0/Dn3NXW9aJK+u+itbg=
-1,-21,HexkxilGvOWLk7k8kpYrOMnAISY=,C0vqkPSH8VZgeM0l6F/C6oXoxEk=
-4,-19,HexkxilGvOWLk7k8kpYrOMnAISY=,lGnRPedJLcXJ40T8gHXTGdC7d2Q=
-11,-24,HexkxilGvOWLk7k8kpYrOMnAISY=,amsdhAlbHrT9U7BnGf+8H0BHX6o=
-10,-24,HexkxilGvOWLk7k8kpYrOMnAISY=,r8ly+1RtjjDWSZB9yJbfnemZ48Q=
-12,-23,HexkxilGvOWLk7k8kpYrOMnAISY=,amsdhAlbHrT9U7BnGf+8H0BHX6o=
-14,-22,HexkxilGvOWLk7k8kpYrOMnAISY=,sbVIrkLLDvszA5e1GsmZFw4k83E=
-15,-22,HexkxilGvOWLk7k8kpYrOMnAISY=,LKDzEbBOVXEm20+gCKSHhitvW7Q=
-14,-23,HexkxilGvOWLk7k8kpYrOMnAISY=,Dh7clDD76cL1sYh0i71cgJZr/sc=
-13,-23,HexkxilGvOWLk7k8kpYrOMnAISY=,Dh7clDD76cL1sYh0i71cgJZr/sc=
-12,-22,HexkxilGvOWLk7k8kpYrOMnAISY=,oYMRRCSe1qshrTRtfWI74jAkGC0=
-12,-24,HexkxilGvOWLk7k8kpYrOMnAISY=,amsdhAlbHrT9U7BnGf+8H0BHX6o=
-13,-24,HexkxilGvOWLk7k8kpYrOMnAISY=,Dh7clDD76cL1sYh0i71cgJZr/sc=
-4,-24,HexkxilGvOWLk7k8kpYrOMnAISY=,dAHSe7pYNXp5Tfp9R+tKnHcrzoE=
-5,-24,HexkxilGvOWLk7k8kpYrOMnAISY=,D9ayXkohmP7dM2HwZQ1QXj7SLpQ=
-9,-24,HexkxilGvOWLk7k8kpYrOMnAISY=,r8ly+1RtjjDWSZB9yJbfnemZ48Q=
-8,-24,HexkxilGvOWLk7k8kpYrOMnAISY=,J8Y3QN0I/1esMMKd5VOh91Nt+lc=
-6,-24,HexkxilGvOWLk7k8kpYrOMnAISY=,D9ayXkohmP7dM2HwZQ1QXj7SLpQ=
-14,-24,HexkxilGvOWLk7k8kpYrOMnAISY=,Dh7clDD76cL1sYh0i71cgJZr/sc=
-7,-24,HexkxilGvOWLk7k8kpYrOMnAISY=,J8Y3QN0I/1esMMKd5VOh91Nt+lc=
-16,-17,HexkxilGvOWLk7k8kpYrOMnAISY=,H8Xfh/1btKCeIb4IHW6Q7gh7j4E=
-16,-18,HexkxilGvOWLk7k8kpYrOMnAISY=,H8Xfh/1btKCeIb4IHW6Q7gh7j4E=
-16,-21,HexkxilGvOWLk7k8kpYrOMnAISY=,LKDzEbBOVXEm20+gCKSHhitvW7Q=
-16,-22,HexkxilGvOWLk7k8kpYrOMnAISY=,LKDzEbBOVXEm20+gCKSHhitvW7Q=
-7,-17,HexkxilGvOWLk7k8kpYrOMnAISY=,114jCT3xxj7pDmu3vnTpi7ArFJk=
-4,-31,HexkxilGvOWLk7k8kpYrOMnAISY=,RyDb1E85966sE4UwVeoVuOhRDGY=
-4,-30,HexkxilGvOWLk7k8kpYrOMnAISY=,KkPi7aGXm84aC0IUZGTOSevigqQ=
-4,-29,HexkxilGvOWLk7k8kpYrOMnAISY=,KkPi7aGXm84aC0IUZGTOSevigqQ=
-4,-28,HexkxilGvOWLk7k8kpYrOMnAISY=,XlRG2rSmXHkIvV20n9soRwfmzGs=
-4,-27,HexkxilGvOWLk7k8kpYrOMnAISY=,XlRG2rSmXHkIvV20n9soRwfmzGs=
-4,-32,HexkxilGvOWLk7k8kpYrOMnAISY=,RyDb1E85966sE4UwVeoVuOhRDGY=
-13,-22,HexkxilGvOWLk7k8kpYrOMnAISY=,sbVIrkLLDvszA5e1GsmZFw4k83E=
-3,-31,HexkxilGvOWLk7k8kpYrOMnAISY=,RyDb1E85966sE4UwVeoVuOhRDGY=
-3,-30,HexkxilGvOWLk7k8kpYrOMnAISY=,KkPi7aGXm84aC0IUZGTOSevigqQ=
-1,-31,HexkxilGvOWLk7k8kpYrOMnAISY=,N5zSy1vRiwyttXfADsRCpWBzui0=
-1,-32,HexkxilGvOWLk7k8kpYrOMnAISY=,N5zSy1vRiwyttXfADsRCpWBzui0=
-2,-31,HexkxilGvOWLk7k8kpYrOMnAISY=,N5zSy1vRiwyttXfADsRCpWBzui0=
-2,-32,HexkxilGvOWLk7k8kpYrOMnAISY=,N5zSy1vRiwyttXfADsRCpWBzui0=
-1,-30,HexkxilGvOWLk7k8kpYrOMnAISY=,SzBgyOVjOj8kMgG12yZQnkcQuWQ=
-2,-30,HexkxilGvOWLk7k8kpYrOMnAISY=,SzBgyOVjOj8kMgG12yZQnkcQuWQ=
-3,-32,HexkxilGvOWLk7k8kpYrOMnAISY=,RyDb1E85966sE4UwVeoVuOhRDGY=
-3,-27,HexkxilGvOWLk7k8kpYrOMnAISY=,XlRG2rSmXHkIvV20n9soRwfmzGs=
-1,-29,HexkxilGvOWLk7k8kpYrOMnAISY=,SzBgyOVjOj8kMgG12yZQnkcQuWQ=
-2,-26,HexkxilGvOWLk7k8kpYrOMnAISY=,PBU/12xVpiwIE1SaArFZIlnTcoA=
-2,-29,HexkxilGvOWLk7k8kpYrOMnAISY=,SzBgyOVjOj8kMgG12yZQnkcQuWQ=
-1,-27,HexkxilGvOWLk7k8kpYrOMnAISY=,xgZ/GSaqyUBK8t4yoerbD58ek7E=
-1,-26,HexkxilGvOWLk7k8kpYrOMnAISY=,PBU/12xVpiwIE1SaArFZIlnTcoA=
-2,-27,HexkxilGvOWLk7k8kpYrOMnAISY=,xgZ/GSaqyUBK8t4yoerbD58ek7E=
-2,-28,HexkxilGvOWLk7k8kpYrOMnAISY=,xgZ/GSaqyUBK8t4yoerbD58ek7E=
-3,-29,HexkxilGvOWLk7k8kpYrOMnAISY=,KkPi7aGXm84aC0IUZGTOSevigqQ=
-1,-28,HexkxilGvOWLk7k8kpYrOMnAISY=,xgZ/GSaqyUBK8t4yoerbD58ek7E=
-3,-28,HexkxilGvOWLk7k8kpYrOMnAISY=,XlRG2rSmXHkIvV20n9soRwfmzGs=
-3,-19,HexkxilGvOWLk7k8kpYrOMnAISY=,lGnRPedJLcXJ40T8gHXTGdC7d2Q=
-2,-19,HexkxilGvOWLk7k8kpYrOMnAISY=,iegPCDE+0/Dn3NXW9aJK+u+itbg=
-1,-19,HexkxilGvOWLk7k8kpYrOMnAISY=,iegPCDE+0/Dn3NXW9aJK+u+itbg=
-2,-18,HexkxilGvOWLk7k8kpYrOMnAISY=,sCaMHb5TtLtOfbkMDFk+1oUZtiM=
-1,-18,HexkxilGvOWLk7k8kpYrOMnAISY=,sCaMHb5TtLtOfbkMDFk+1oUZtiM=
-2,-17,HexkxilGvOWLk7k8kpYrOMnAISY=,sCaMHb5TtLtOfbkMDFk+1oUZtiM=
-1,-17,HexkxilGvOWLk7k8kpYrOMnAISY=,sCaMHb5TtLtOfbkMDFk+1oUZtiM=
-18,-14,/xBtafOIbSHPBTZ5C2sjYJsqqr0=,MzvhRdSiUa9jFPF45kKj3Wmp07U=
-17,-14,/xBtafOIbSHPBTZ5C2sjYJsqqr0=,MzvhRdSiUa9jFPF45kKj3Wmp07U=
-18,-6,/xBtafOIbSHPBTZ5C2sjYJsqqr0=,+sYSrz3pLr8ip2t3Lqeidbr3pZ4=
-17,-6,/xBtafOIbSHPBTZ5C2sjYJsqqr0=,+sYSrz3pLr8ip2t3Lqeidbr3pZ4=
-17,-1,/xBtafOIbSHPBTZ5C2sjYJsqqr0=,5QlhqCqdeqwSnc+yyP9wgfpHhIU=
-18,-1,/xBtafOIbSHPBTZ5C2sjYJsqqr0=,5QlhqCqdeqwSnc+yyP9wgfpHhIU=
-18,-11,/xBtafOIbSHPBTZ5C2sjYJsqqr0=,e8/gUEW4Pzx6aus0GBbuYsEAIYs=
-17,-11,/xBtafOIbSHPBTZ5C2sjYJsqqr0=,e8/gUEW4Pzx6aus0GBbuYsEAIYs=
-18,-12,/xBtafOIbSHPBTZ5C2sjYJsqqr0=,e8/gUEW4Pzx6aus0GBbuYsEAIYs=
-18,-13,/xBtafOIbSHPBTZ5C2sjYJsqqr0=,MzvhRdSiUa9jFPF45kKj3Wmp07U=
-17,-13,/xBtafOIbSHPBTZ5C2sjYJsqqr0=,MzvhRdSiUa9jFPF45kKj3Wmp07U=
-17,-12,/xBtafOIbSHPBTZ5C2sjYJsqqr0=,e8/gUEW4Pzx6aus0GBbuYsEAIYs=
-18,-2,/xBtafOIbSHPBTZ5C2sjYJsqqr0=,5QlhqCqdeqwSnc+yyP9wgfpHhIU=
-18,-3,/xBtafOIbSHPBTZ5C2sjYJsqqr0=,Y7hAbuOy6tukfdMwaUmXPFZy7VE=
-17,-3,/xBtafOIbSHPBTZ5C2sjYJsqqr0=,Y7hAbuOy6tukfdMwaUmXPFZy7VE=
-18,-4,/xBtafOIbSHPBTZ5C2sjYJsqqr0=,Y7hAbuOy6tukfdMwaUmXPFZy7VE=
-18,-5,/xBtafOIbSHPBTZ5C2sjYJsqqr0=,+sYSrz3pLr8ip2t3Lqeidbr3pZ4=
-17,-5,/xBtafOIbSHPBTZ5C2sjYJsqqr0=,+sYSrz3pLr8ip2t3Lqeidbr3pZ4=
-17,-4,/xBtafOIbSHPBTZ5C2sjYJsqqr0=,Y7hAbuOy6tukfdMwaUmXPFZy7VE=
-17,-2,/xBtafOIbSHPBTZ5C2sjYJsqqr0=,5QlhqCqdeqwSnc+yyP9wgfpHhIU=
