-118,90,/xBtafOIbSHPBTZ5C2sjYJsqqr0=,EV6EEIFk48WBwoTHHwgpNcEf6F8=
-119,88,/xBtafOIbSHPBTZ5C2sjYJsqqr0=,m6qmxKHI8ytugL2q8Jr690YuZz8=
-118,88,/xBtafOIbSHPBTZ5C2sjYJsqqr0=,iWyqKVyYjkeUm6wSapmV3h6k6ys=
-118,87,/xBtafOIbSHPBTZ5C2sjYJsqqr0=,vaaYHR1QQJZZTHvnvfkLWKiPWeI=
-118,89,/xBtafOIbSHPBTZ5C2sjYJsqqr0=,iWyqKVyYjkeUm6wSapmV3h6k6ys=
-119,90,/xBtafOIbSHPBTZ5C2sjYJsqqr0=,km1D/8num+8JcVWoxErWr8XlyII=
-119,89,/xBtafOIbSHPBTZ5C2sjYJsqqr0=,m6qmxKHI8ytugL2q8Jr690YuZz8=
-116,87,/xBtafOIbSHPBTZ5C2sjYJsqqr0=,89yUykFIn/JSInp7xEbcc3Ovav4=
-117,87,/xBtafOIbSHPBTZ5C2sjYJsqqr0=,vaaYHR1QQJZZTHvnvfkLWKiPWeI=
-116,88,/xBtafOIbSHPBTZ5C2sjYJsqqr0=,7Mta0M3WS2uAAlq/roFkmgmHNNg=
-117,88,/xBtafOIbSHPBTZ5C2sjYJsqqr0=,iWyqKVyYjkeUm6wSapmV3h6k6ys=
-121,90,/xBtafOIbSHPBTZ5C2sjYJsqqr0=,f0fxX1ogQ7sGhLju3iHySuj8dAs=
-120,90,/xBtafOIbSHPBTZ5C2sjYJsqqr0=,km1D/8num+8JcVWoxErWr8XlyII=
-114,87,/xBtafOIbSHPBTZ5C2sjYJsqqr0=,/aezvxv3BUnEXltoMFBhcqBb8Aw=
-120,89,/xBtafOIbSHPBTZ5C2sjYJsqqr0=,m6qmxKHI8ytugL2q8Jr690YuZz8=
-115,88,/xBtafOIbSHPBTZ5C2sjYJsqqr0=,7Mta0M3WS2uAAlq/roFkmgmHNNg=
-115,87,/xBtafOIbSHPBTZ5C2sjYJsqqr0=,89yUykFIn/JSInp7xEbcc3Ovav4=
-116,86,/xBtafOIbSHPBTZ5C2sjYJsqqr0=,89yUykFIn/JSInp7xEbcc3Ovav4=
-117,86,/xBtafOIbSHPBTZ5C2sjYJsqqr0=,vaaYHR1QQJZZTHvnvfkLWKiPWeI=
-128,95,/xBtafOIbSHPBTZ5C2sjYJsqqr0=,HLsuOOSs6nJQOWiOXp+J6jj/VSE=
-128,94,/xBtafOIbSHPBTZ5C2sjYJsqqr0=,HLsuOOSs6nJQOWiOXp+J6jj/VSE=
-116,89,/xBtafOIbSHPBTZ5C2sjYJsqqr0=,7Mta0M3WS2uAAlq/roFkmgmHNNg=
-117,90,/xBtafOIbSHPBTZ5C2sjYJsqqr0=,EV6EEIFk48WBwoTHHwgpNcEf6F8=
-113,87,/xBtafOIbSHPBTZ5C2sjYJsqqr0=,/aezvxv3BUnEXltoMFBhcqBb8Aw=
-120,91,/xBtafOIbSHPBTZ5C2sjYJsqqr0=,km1D/8num+8JcVWoxErWr8XlyII=
-121,92,/xBtafOIbSHPBTZ5C2sjYJsqqr0=,+urmu7FYBRdtij2cCv+NmkoIfK4=
-121,91,/xBtafOIbSHPBTZ5C2sjYJsqqr0=,f0fxX1ogQ7sGhLju3iHySuj8dAs=
-119,91,/xBtafOIbSHPBTZ5C2sjYJsqqr0=,km1D/8num+8JcVWoxErWr8XlyII=
-117,91,/xBtafOIbSHPBTZ5C2sjYJsqqr0=,EV6EEIFk48WBwoTHHwgpNcEf6F8=
-120,88,/xBtafOIbSHPBTZ5C2sjYJsqqr0=,m6qmxKHI8ytugL2q8Jr690YuZz8=
-118,91,/xBtafOIbSHPBTZ5C2sjYJsqqr0=,EV6EEIFk48WBwoTHHwgpNcEf6F8=
-123,95,/xBtafOIbSHPBTZ5C2sjYJsqqr0=,Kz2zBrWQUSxUs9iGzAsSlUrl4+Q=
-121,93,/xBtafOIbSHPBTZ5C2sjYJsqqr0=,+urmu7FYBRdtij2cCv+NmkoIfK4=
-115,89,/xBtafOIbSHPBTZ5C2sjYJsqqr0=,7Mta0M3WS2uAAlq/roFkmgmHNNg=
-126,92,/xBtafOIbSHPBTZ5C2sjYJsqqr0=,WL1S3DqgVSvzdckR8BmOky6iu84=
-122,90,/xBtafOIbSHPBTZ5C2sjYJsqqr0=,f0fxX1ogQ7sGhLju3iHySuj8dAs=
-118,86,/xBtafOIbSHPBTZ5C2sjYJsqqr0=,vaaYHR1QQJZZTHvnvfkLWKiPWeI=
-117,89,/xBtafOIbSHPBTZ5C2sjYJsqqr0=,iWyqKVyYjkeUm6wSapmV3h6k6ys=
-126,95,/xBtafOIbSHPBTZ5C2sjYJsqqr0=,473mTr0bH6dZnueA4/TDgFhfIhM=
-126,94,/xBtafOIbSHPBTZ5C2sjYJsqqr0=,473mTr0bH6dZnueA4/TDgFhfIhM=
-124,95,/xBtafOIbSHPBTZ5C2sjYJsqqr0=,Kz2zBrWQUSxUs9iGzAsSlUrl4+Q=
-126,93,/xBtafOIbSHPBTZ5C2sjYJsqqr0=,WL1S3DqgVSvzdckR8BmOky6iu84=
-127,95,/xBtafOIbSHPBTZ5C2sjYJsqqr0=,HLsuOOSs6nJQOWiOXp+J6jj/VSE=
-127,94,/xBtafOIbSHPBTZ5C2sjYJsqqr0=,HLsuOOSs6nJQOWiOXp+J6jj/VSE=
-125,95,/xBtafOIbSHPBTZ5C2sjYJsqqr0=,473mTr0bH6dZnueA4/TDgFhfIhM=
-114,86,/xBtafOIbSHPBTZ5C2sjYJsqqr0=,/aezvxv3BUnEXltoMFBhcqBb8Aw=
-114,84,/xBtafOIbSHPBTZ5C2sjYJsqqr0=,hWFBZMbmR0ksLTSgE4pr88wCoiE=
-114,85,/xBtafOIbSHPBTZ5C2sjYJsqqr0=,hWFBZMbmR0ksLTSgE4pr88wCoiE=
-113,85,/xBtafOIbSHPBTZ5C2sjYJsqqr0=,hWFBZMbmR0ksLTSgE4pr88wCoiE=
-113,86,/xBtafOIbSHPBTZ5C2sjYJsqqr0=,/aezvxv3BUnEXltoMFBhcqBb8Aw=
-113,84,/xBtafOIbSHPBTZ5C2sjYJsqqr0=,hWFBZMbmR0ksLTSgE4pr88wCoiE=
-115,86,/xBtafOIbSHPBTZ5C2sjYJsqqr0=,89yUykFIn/JSInp7xEbcc3Ovav4=
-122,93,/xBtafOIbSHPBTZ5C2sjYJsqqr0=,+urmu7FYBRdtij2cCv+NmkoIfK4=
-122,91,/xBtafOIbSHPBTZ5C2sjYJsqqr0=,f0fxX1ogQ7sGhLju3iHySuj8dAs=
-123,93,/xBtafOIbSHPBTZ5C2sjYJsqqr0=,e8vHNOEXTTK6V1vdiPfNAabFqFM=
-124,94,/xBtafOIbSHPBTZ5C2sjYJsqqr0=,Kz2zBrWQUSxUs9iGzAsSlUrl4+Q=
-125,92,/xBtafOIbSHPBTZ5C2sjYJsqqr0=,WL1S3DqgVSvzdckR8BmOky6iu84=
-123,94,/xBtafOIbSHPBTZ5C2sjYJsqqr0=,Kz2zBrWQUSxUs9iGzAsSlUrl4+Q=
-122,92,/xBtafOIbSHPBTZ5C2sjYJsqqr0=,+urmu7FYBRdtij2cCv+NmkoIfK4=
-125,93,/xBtafOIbSHPBTZ5C2sjYJsqqr0=,WL1S3DqgVSvzdckR8BmOky6iu84=
-123,92,/xBtafOIbSHPBTZ5C2sjYJsqqr0=,e8vHNOEXTTK6V1vdiPfNAabFqFM=
-124,92,/xBtafOIbSHPBTZ5C2sjYJsqqr0=,e8vHNOEXTTK6V1vdiPfNAabFqFM=
-125,94,/xBtafOIbSHPBTZ5C2sjYJsqqr0=,473mTr0bH6dZnueA4/TDgFhfIhM=
-124,93,/xBtafOIbSHPBTZ5C2sjYJsqqr0=,e8vHNOEXTTK6V1vdiPfNAabFqFM=
-100,95,/xBtafOIbSHPBTZ5C2sjYJsqqr0=,gk3Fvf4SHa08wEDGBBrfT+rZC4I=
-101,95,/xBtafOIbSHPBTZ5C2sjYJsqqr0=,Att2p6ojwjp7f3seRYPwqg2v+yA=
-99,95,/xBtafOIbSHPBTZ5C2sjYJsqqr0=,gk3Fvf4SHa08wEDGBBrfT+rZC4I=
-105,95,E4Lvds/s6RYXGH8pcvMQxZhsojU=,bynwtUmj3rzfu+TyEu1RRAGhzUM=
-102,94,E4Lvds/s6RYXGH8pcvMQxZhsojU=,Att2p6ojwjp7f3seRYPwqg2v+yA=
-103,95,E4Lvds/s6RYXGH8pcvMQxZhsojU=,qJC4ub8QHsf+uwXfImZS5VeLkd0=
-99,91,E4Lvds/s6RYXGH8pcvMQxZhsojU=,Tm5TbCXkpz5aKp0NA811olXqQ/Y=
-102,93,E4Lvds/s6RYXGH8pcvMQxZhsojU=,7jOHnVJgmJJJuqEbCtYGplkUmOI=
-100,93,E4Lvds/s6RYXGH8pcvMQxZhsojU=,7BoqSw8aXZgXOmJXZc2k0lKsB+I=
-104,94,E4Lvds/s6RYXGH8pcvMQxZhsojU=,qJC4ub8QHsf+uwXfImZS5VeLkd0=
-104,95,E4Lvds/s6RYXGH8pcvMQxZhsojU=,qJC4ub8QHsf+uwXfImZS5VeLkd0=
-99,93,E4Lvds/s6RYXGH8pcvMQxZhsojU=,7BoqSw8aXZgXOmJXZc2k0lKsB+I=
-101,93,E4Lvds/s6RYXGH8pcvMQxZhsojU=,7jOHnVJgmJJJuqEbCtYGplkUmOI=
-105,94,E4Lvds/s6RYXGH8pcvMQxZhsojU=,bynwtUmj3rzfu+TyEu1RRAGhzUM=
-98,91,E4Lvds/s6RYXGH8pcvMQxZhsojU=,+p3W8bHAEKmDt0JEBEGvKceEdH4=
-101,92,E4Lvds/s6RYXGH8pcvMQxZhsojU=,7jOHnVJgmJJJuqEbCtYGplkUmOI=
-103,94,E4Lvds/s6RYXGH8pcvMQxZhsojU=,qJC4ub8QHsf+uwXfImZS5VeLkd0=
-99,94,E4Lvds/s6RYXGH8pcvMQxZhsojU=,gk3Fvf4SHa08wEDGBBrfT+rZC4I=
-100,91,E4Lvds/s6RYXGH8pcvMQxZhsojU=,Tm5TbCXkpz5aKp0NA811olXqQ/Y=
-99,92,E4Lvds/s6RYXGH8pcvMQxZhsojU=,7BoqSw8aXZgXOmJXZc2k0lKsB+I=
-102,95,E4Lvds/s6RYXGH8pcvMQxZhsojU=,Att2p6ojwjp7f3seRYPwqg2v+yA=
-100,94,E4Lvds/s6RYXGH8pcvMQxZhsojU=,gk3Fvf4SHa08wEDGBBrfT+rZC4I=
-101,94,E4Lvds/s6RYXGH8pcvMQxZhsojU=,Att2p6ojwjp7f3seRYPwqg2v+yA=
-100,92,E4Lvds/s6RYXGH8pcvMQxZhsojU=,7BoqSw8aXZgXOmJXZc2k0lKsB+I=
-98,87,E4Lvds/s6RYXGH8pcvMQxZhsojU=,lc0AU/abD3sm4fapoA8OZMvh1u8=
-98,88,E4Lvds/s6RYXGH8pcvMQxZhsojU=,rgDSk3bGgZwwO0zwW6iUBlQXCWU=
-97,90,E4Lvds/s6RYXGH8pcvMQxZhsojU=,+p3W8bHAEKmDt0JEBEGvKceEdH4=
-97,88,E4Lvds/s6RYXGH8pcvMQxZhsojU=,rgDSk3bGgZwwO0zwW6iUBlQXCWU=
-98,89,E4Lvds/s6RYXGH8pcvMQxZhsojU=,rgDSk3bGgZwwO0zwW6iUBlQXCWU=
-98,90,E4Lvds/s6RYXGH8pcvMQxZhsojU=,+p3W8bHAEKmDt0JEBEGvKceEdH4=
-97,87,E4Lvds/s6RYXGH8pcvMQxZhsojU=,lc0AU/abD3sm4fapoA8OZMvh1u8=
-97,89,E4Lvds/s6RYXGH8pcvMQxZhsojU=,rgDSk3bGgZwwO0zwW6iUBlQXCWU=
-99,90,E4Lvds/s6RYXGH8pcvMQxZhsojU=,Tm5TbCXkpz5aKp0NA811olXqQ/Y=
-107,81,E4Lvds/s6RYXGH8pcvMQxZhsojU=,mDRvlglYUwVT8goeG82c8oqsRF0=
-107,80,E4Lvds/s6RYXGH8pcvMQxZhsojU=,mDRvlglYUwVT8goeG82c8oqsRF0=
-109,80,E4Lvds/s6RYXGH8pcvMQxZhsojU=,XZr7AmlzZQddmmVK5cy7LqLXpwQ=
-110,80,E4Lvds/s6RYXGH8pcvMQxZhsojU=,XZr7AmlzZQddmmVK5cy7LqLXpwQ=
-106,94,E4Lvds/s6RYXGH8pcvMQxZhsojU=,bynwtUmj3rzfu+TyEu1RRAGhzUM=
-97,91,E4Lvds/s6RYXGH8pcvMQxZhsojU=,+p3W8bHAEKmDt0JEBEGvKceEdH4=
-100,90,E4Lvds/s6RYXGH8pcvMQxZhsojU=,Tm5TbCXkpz5aKp0NA811olXqQ/Y=
-102,92,E4Lvds/s6RYXGH8pcvMQxZhsojU=,7jOHnVJgmJJJuqEbCtYGplkUmOI=
-97,86,E4Lvds/s6RYXGH8pcvMQxZhsojU=,lc0AU/abD3sm4fapoA8OZMvh1u8=
-98,86,E4Lvds/s6RYXGH8pcvMQxZhsojU=,lc0AU/abD3sm4fapoA8OZMvh1u8=
-106,95,E4Lvds/s6RYXGH8pcvMQxZhsojU=,bynwtUmj3rzfu+TyEu1RRAGhzUM=
-108,80,E4Lvds/s6RYXGH8pcvMQxZhsojU=,mDRvlglYUwVT8goeG82c8oqsRF0=
-112,82,E4Lvds/s6RYXGH8pcvMQxZhsojU=,PyGOUAXGk863opBxdODSuMaOS/0=
-109,83,E4Lvds/s6RYXGH8pcvMQxZhsojU=,av7OLqP+ZpbMFQsf8NLdFpq/r98=
-111,82,E4Lvds/s6RYXGH8pcvMQxZhsojU=,PyGOUAXGk863opBxdODSuMaOS/0=
-110,81,E4Lvds/s6RYXGH8pcvMQxZhsojU=,XZr7AmlzZQddmmVK5cy7LqLXpwQ=
-109,82,E4Lvds/s6RYXGH8pcvMQxZhsojU=,av7OLqP+ZpbMFQsf8NLdFpq/r98=
-108,81,E4Lvds/s6RYXGH8pcvMQxZhsojU=,mDRvlglYUwVT8goeG82c8oqsRF0=
-109,81,E4Lvds/s6RYXGH8pcvMQxZhsojU=,XZr7AmlzZQddmmVK5cy7LqLXpwQ=
-110,82,E4Lvds/s6RYXGH8pcvMQxZhsojU=,av7OLqP+ZpbMFQsf8NLdFpq/r98=
-111,85,E4Lvds/s6RYXGH8pcvMQxZhsojU=,9e48VfT9m9QZL1fDqWzFzasrUg8=
-112,85,E4Lvds/s6RYXGH8pcvMQxZhsojU=,9e48VfT9m9QZL1fDqWzFzasrUg8=
-112,83,E4Lvds/s6RYXGH8pcvMQxZhsojU=,PyGOUAXGk863opBxdODSuMaOS/0=
-111,84,E4Lvds/s6RYXGH8pcvMQxZhsojU=,9e48VfT9m9QZL1fDqWzFzasrUg8=
-110,83,E4Lvds/s6RYXGH8pcvMQxZhsojU=,av7OLqP+ZpbMFQsf8NLdFpq/r98=
-111,83,E4Lvds/s6RYXGH8pcvMQxZhsojU=,PyGOUAXGk863opBxdODSuMaOS/0=
-112,84,E4Lvds/s6RYXGH8pcvMQxZhsojU=,9e48VfT9m9QZL1fDqWzFzasrUg8=
-105,76,E4Lvds/s6RYXGH8pcvMQxZhsojU=,8G6I6BGkET/gK5g6/mczFQCuhFY=
-104,75,E4Lvds/s6RYXGH8pcvMQxZhsojU=,2HW/6af9QBzMQlMjxhPsOml2mBo=
-104,76,E4Lvds/s6RYXGH8pcvMQxZhsojU=,4vvXPOgB2onxnrNRf9WITSrtP9M=
-101,74,E4Lvds/s6RYXGH8pcvMQxZhsojU=,fQguTqwK5kpPSeuFTxI+ckKC+X0=
-101,73,E4Lvds/s6RYXGH8pcvMQxZhsojU=,FS5RvADE7eTY65UiiLAHxetklqY=
-100,73,E4Lvds/s6RYXGH8pcvMQxZhsojU=,56tkG5lZTw5ya5YNWgmsQwLFXKw=
-102,74,E4Lvds/s6RYXGH8pcvMQxZhsojU=,fQguTqwK5kpPSeuFTxI+ckKC+X0=
-103,74,E4Lvds/s6RYXGH8pcvMQxZhsojU=,2HW/6af9QBzMQlMjxhPsOml2mBo=
-99,73,E4Lvds/s6RYXGH8pcvMQxZhsojU=,56tkG5lZTw5ya5YNWgmsQwLFXKw=
-103,76,E4Lvds/s6RYXGH8pcvMQxZhsojU=,4vvXPOgB2onxnrNRf9WITSrtP9M=
-103,75,E4Lvds/s6RYXGH8pcvMQxZhsojU=,2HW/6af9QBzMQlMjxhPsOml2mBo=
-102,75,E4Lvds/s6RYXGH8pcvMQxZhsojU=,fQguTqwK5kpPSeuFTxI+ckKC+X0=
-103,77,E4Lvds/s6RYXGH8pcvMQxZhsojU=,4vvXPOgB2onxnrNRf9WITSrtP9M=
-100,71,E4Lvds/s6RYXGH8pcvMQxZhsojU=,+88VY6psQJeyyYQueeuIieI6Ru4=
-100,72,E4Lvds/s6RYXGH8pcvMQxZhsojU=,56tkG5lZTw5ya5YNWgmsQwLFXKw=
-102,72,E4Lvds/s6RYXGH8pcvMQxZhsojU=,FS5RvADE7eTY65UiiLAHxetklqY=
-100,70,E4Lvds/s6RYXGH8pcvMQxZhsojU=,+88VY6psQJeyyYQueeuIieI6Ru4=
-106,76,E4Lvds/s6RYXGH8pcvMQxZhsojU=,8G6I6BGkET/gK5g6/mczFQCuhFY=
-104,74,E4Lvds/s6RYXGH8pcvMQxZhsojU=,2HW/6af9QBzMQlMjxhPsOml2mBo=
-97,68,E4Lvds/s6RYXGH8pcvMQxZhsojU=,LF/SgyRSpSki7n7QUPZ2VrOWJ4Q=
-98,68,E4Lvds/s6RYXGH8pcvMQxZhsojU=,LF/SgyRSpSki7n7QUPZ2VrOWJ4Q=
-101,75,E4Lvds/s6RYXGH8pcvMQxZhsojU=,fQguTqwK5kpPSeuFTxI+ckKC+X0=
-102,73,E4Lvds/s6RYXGH8pcvMQxZhsojU=,FS5RvADE7eTY65UiiLAHxetklqY=
-101,72,E4Lvds/s6RYXGH8pcvMQxZhsojU=,FS5RvADE7eTY65UiiLAHxetklqY=
-105,78,E4Lvds/s6RYXGH8pcvMQxZhsojU=,dYG3U1jSdxaQh8wiqMsNOfCqlt0=
-105,77,E4Lvds/s6RYXGH8pcvMQxZhsojU=,8G6I6BGkET/gK5g6/mczFQCuhFY=
-104,77,E4Lvds/s6RYXGH8pcvMQxZhsojU=,4vvXPOgB2onxnrNRf9WITSrtP9M=
-105,79,E4Lvds/s6RYXGH8pcvMQxZhsojU=,dYG3U1jSdxaQh8wiqMsNOfCqlt0=
-106,77,E4Lvds/s6RYXGH8pcvMQxZhsojU=,8G6I6BGkET/gK5g6/mczFQCuhFY=
-108,79,E4Lvds/s6RYXGH8pcvMQxZhsojU=,8rO1NuSmWZzzaq6vBI8BJxOtWw8=
-108,78,E4Lvds/s6RYXGH8pcvMQxZhsojU=,8rO1NuSmWZzzaq6vBI8BJxOtWw8=
-106,79,E4Lvds/s6RYXGH8pcvMQxZhsojU=,dYG3U1jSdxaQh8wiqMsNOfCqlt0=
-107,78,E4Lvds/s6RYXGH8pcvMQxZhsojU=,8rO1NuSmWZzzaq6vBI8BJxOtWw8=
-107,79,E4Lvds/s6RYXGH8pcvMQxZhsojU=,8rO1NuSmWZzzaq6vBI8BJxOtWw8=
-106,78,E4Lvds/s6RYXGH8pcvMQxZhsojU=,dYG3U1jSdxaQh8wiqMsNOfCqlt0=
-97,71,E4Lvds/s6RYXGH8pcvMQxZhsojU=,73nViakZVhPFZZ67Ma11jRe3dIk=
-97,69,E4Lvds/s6RYXGH8pcvMQxZhsojU=,LF/SgyRSpSki7n7QUPZ2VrOWJ4Q=
-99,72,E4Lvds/s6RYXGH8pcvMQxZhsojU=,56tkG5lZTw5ya5YNWgmsQwLFXKw=
-98,69,E4Lvds/s6RYXGH8pcvMQxZhsojU=,LF/SgyRSpSki7n7QUPZ2VrOWJ4Q=
-98,70,E4Lvds/s6RYXGH8pcvMQxZhsojU=,73nViakZVhPFZZ67Ma11jRe3dIk=
-99,70,E4Lvds/s6RYXGH8pcvMQxZhsojU=,+88VY6psQJeyyYQueeuIieI6Ru4=
-98,71,E4Lvds/s6RYXGH8pcvMQxZhsojU=,73nViakZVhPFZZ67Ma11jRe3dIk=
-99,71,E4Lvds/s6RYXGH8pcvMQxZhsojU=,+88VY6psQJeyyYQueeuIieI6Ru4=
-97,70,E4Lvds/s6RYXGH8pcvMQxZhsojU=,73nViakZVhPFZZ67Ma11jRe3dIk=
