20,-11,NKKospPtX6CuBfKM3gqS6Nj/Vhk=,tOLk4CWVN5V++YltOSmMjGt5R9w=
19,-11,NKKospPtX6CuBfKM3gqS6Nj/Vhk=,W04QLTMV0Rd4oo4SA50pKc6wMGI=
19,-10,NKKospPtX6CuBfKM3gqS6Nj/Vhk=,duzXvEwqKUAviKNA4aJM7JunkbA=
20,-10,NKKospPtX6CuBfKM3gqS6Nj/Vhk=,i5y0Q7z7zp9MVyhJkjM30Kx07NQ=
21,-11,NKKospPtX6CuBfKM3gqS6Nj/Vhk=,tOLk4CWVN5V++YltOSmMjGt5R9w=
22,-11,NKKospPtX6CuBfKM3gqS6Nj/Vhk=,FxsnI1jFOrXhbb66W9vTJbKDIZ0=
22,-10,NKKospPtX6CuBfKM3gqS6Nj/Vhk=,30564hkQK/CmD78blf7/RjXDSNs=
21,-10,NKKospPtX6CuBfKM3gqS6Nj/Vhk=,i5y0Q7z7zp9MVyhJkjM30Kx07NQ=
17,-11,NKKospPtX6CuBfKM3gqS6Nj/Vhk=,vF1D7QtnDmqMUMb17dRfa204d4Y=
18,-10,E8dx0dvcNXCSPnyL11Fm4jA5mmQ=,duzXvEwqKUAviKNA4aJM7JunkbA=
17,-10,E8dx0dvcNXCSPnyL11Fm4jA5mmQ=,IvRSeFnlIW3lXS/2fOPaoHfYYeQ=
18,-11,E8dx0dvcNXCSPnyL11Fm4jA5mmQ=,W04QLTMV0Rd4oo4SA50pKc6wMGI=
16,-4,E8dx0dvcNXCSPnyL11Fm4jA5mmQ=,uX+p5w1J9IXWpVCrY4NPPf18Vj0=
21,-12,E8dx0dvcNXCSPnyL11Fm4jA5mmQ=,tOLk4CWVN5V++YltOSmMjGt5R9w=
19,-12,E8dx0dvcNXCSPnyL11Fm4jA5mmQ=,W04QLTMV0Rd4oo4SA50pKc6wMGI=
22,-12,E8dx0dvcNXCSPnyL11Fm4jA5mmQ=,FxsnI1jFOrXhbb66W9vTJbKDIZ0=
20,-12,E8dx0dvcNXCSPnyL11Fm4jA5mmQ=,tOLk4CWVN5V++YltOSmMjGt5R9w=
16,-10,E8dx0dvcNXCSPnyL11Fm4jA5mmQ=,IvRSeFnlIW3lXS/2fOPaoHfYYeQ=
16,-11,E8dx0dvcNXCSPnyL11Fm4jA5mmQ=,vF1D7QtnDmqMUMb17dRfa204d4Y=
16,-5,E8dx0dvcNXCSPnyL11Fm4jA5mmQ=,CK+zLKD+iORTF0P93ymH4wvbzqE=
20,-9,E8dx0dvcNXCSPnyL11Fm4jA5mmQ=,i5y0Q7z7zp9MVyhJkjM30Kx07NQ=
19,-9,E8dx0dvcNXCSPnyL11Fm4jA5mmQ=,duzXvEwqKUAviKNA4aJM7JunkbA=
22,-9,E8dx0dvcNXCSPnyL11Fm4jA5mmQ=,30564hkQK/CmD78blf7/RjXDSNs=
21,-9,E8dx0dvcNXCSPnyL11Fm4jA5mmQ=,i5y0Q7z7zp9MVyhJkjM30Kx07NQ=
17,-1,E8dx0dvcNXCSPnyL11Fm4jA5mmQ=,o5B5E+bdM5mkkD8UNPW70U9XM7k=
18,-12,E8dx0dvcNXCSPnyL11Fm4jA5mmQ=,W04QLTMV0Rd4oo4SA50pKc6wMGI=
17,-12,E8dx0dvcNXCSPnyL11Fm4jA5mmQ=,vF1D7QtnDmqMUMb17dRfa204d4Y=
16,-12,E8dx0dvcNXCSPnyL11Fm4jA5mmQ=,vF1D7QtnDmqMUMb17dRfa204d4Y=
23,-9,E8dx0dvcNXCSPnyL11Fm4jA5mmQ=,30564hkQK/CmD78blf7/RjXDSNs=
16,-2,E8dx0dvcNXCSPnyL11Fm4jA5mmQ=,o5B5E+bdM5mkkD8UNPW70U9XM7k=
16,-3,E8dx0dvcNXCSPnyL11Fm4jA5mmQ=,uX+p5w1J9IXWpVCrY4NPPf18Vj0=
17,-2,E8dx0dvcNXCSPnyL11Fm4jA5mmQ=,o5B5E+bdM5mkkD8UNPW70U9XM7k=
25,-14,E8dx0dvcNXCSPnyL11Fm4jA5mmQ=,KnGh0MFHklTH/2Qoh61BWiBGHnM=
24,-14,E8dx0dvcNXCSPnyL11Fm4jA5mmQ=,KnGh0MFHklTH/2Qoh61BWiBGHnM=
17,-3,E8dx0dvcNXCSPnyL11Fm4jA5mmQ=,uX+p5w1J9IXWpVCrY4NPPf18Vj0=
17,-4,E8dx0dvcNXCSPnyL11Fm4jA5mmQ=,uX+p5w1J9IXWpVCrY4NPPf18Vj0=
17,-5,E8dx0dvcNXCSPnyL11Fm4jA5mmQ=,CK+zLKD+iORTF0P93ymH4wvbzqE=
16,-1,E8dx0dvcNXCSPnyL11Fm4jA5mmQ=,o5B5E+bdM5mkkD8UNPW70U9XM7k=
23,-11,E8dx0dvcNXCSPnyL11Fm4jA5mmQ=,FxsnI1jFOrXhbb66W9vTJbKDIZ0=
23,-10,E8dx0dvcNXCSPnyL11Fm4jA5mmQ=,30564hkQK/CmD78blf7/RjXDSNs=
25,-11,E8dx0dvcNXCSPnyL11Fm4jA5mmQ=,6uRMn02VFmAdBVRX+vnq4IYL52U=
23,-12,E8dx0dvcNXCSPnyL11Fm4jA5mmQ=,FxsnI1jFOrXhbb66W9vTJbKDIZ0=
25,-12,E8dx0dvcNXCSPnyL11Fm4jA5mmQ=,6uRMn02VFmAdBVRX+vnq4IYL52U=
25,-13,E8dx0dvcNXCSPnyL11Fm4jA5mmQ=,KnGh0MFHklTH/2Qoh61BWiBGHnM=
24,-13,E8dx0dvcNXCSPnyL11Fm4jA5mmQ=,KnGh0MFHklTH/2Qoh61BWiBGHnM=
24,-11,E8dx0dvcNXCSPnyL11Fm4jA5mmQ=,6uRMn02VFmAdBVRX+vnq4IYL52U=
24,-12,E8dx0dvcNXCSPnyL11Fm4jA5mmQ=,6uRMn02VFmAdBVRX+vnq4IYL52U=
18,-9,E8dx0dvcNXCSPnyL11Fm4jA5mmQ=,duzXvEwqKUAviKNA4aJM7JunkbA=
16,-9,E8dx0dvcNXCSPnyL11Fm4jA5mmQ=,IvRSeFnlIW3lXS/2fOPaoHfYYeQ=
16,-8,E8dx0dvcNXCSPnyL11Fm4jA5mmQ=,pY3jLe4VMZ1LojKBJLSCeLrY7sA=
17,-8,E8dx0dvcNXCSPnyL11Fm4jA5mmQ=,pY3jLe4VMZ1LojKBJLSCeLrY7sA=
17,-6,E8dx0dvcNXCSPnyL11Fm4jA5mmQ=,CK+zLKD+iORTF0P93ymH4wvbzqE=
17,-7,E8dx0dvcNXCSPnyL11Fm4jA5mmQ=,pY3jLe4VMZ1LojKBJLSCeLrY7sA=
16,-6,E8dx0dvcNXCSPnyL11Fm4jA5mmQ=,CK+zLKD+iORTF0P93ymH4wvbzqE=
17,-9,E8dx0dvcNXCSPnyL11Fm4jA5mmQ=,IvRSeFnlIW3lXS/2fOPaoHfYYeQ=
16,-7,E8dx0dvcNXCSPnyL11Fm4jA5mmQ=,pY3jLe4VMZ1LojKBJLSCeLrY7sA=
12,-3,eibx7jEsp4X26Peh+TLKo9dszxQ=,PD0v5WIC5bsq1GUFKdZO3G4flVk=
11,-3,eibx7jEsp4X26Peh+TLKo9dszxQ=,58645EZxwHkLI3xLNGlF2bxkb2c=
11,-2,eibx7jEsp4X26Peh+TLKo9dszxQ=,NZNrekpSltjvjw1/6vghiqFLQQM=
12,-2,eibx7jEsp4X26Peh+TLKo9dszxQ=,3TTDVx3wr0g/H4+TfG3zdtSqsqs=
11,-5,eibx7jEsp4X26Peh+TLKo9dszxQ=,QSDXNxGPGPZuo+yDd8EiOUGIp/w=
12,-5,eibx7jEsp4X26Peh+TLKo9dszxQ=,fiqpktpoyCb38JYFUf4fq9iIsSU=
11,-4,eibx7jEsp4X26Peh+TLKo9dszxQ=,58645EZxwHkLI3xLNGlF2bxkb2c=
12,-4,eibx7jEsp4X26Peh+TLKo9dszxQ=,PD0v5WIC5bsq1GUFKdZO3G4flVk=
9,-7,eibx7jEsp4X26Peh+TLKo9dszxQ=,FLbc1tI4m/EtyTgrvc8BcLxO3vs=
10,-6,eibx7jEsp4X26Peh+TLKo9dszxQ=,QSDXNxGPGPZuo+yDd8EiOUGIp/w=
10,-7,eibx7jEsp4X26Peh+TLKo9dszxQ=,Z0Y7QUGj+aJhN7DZ5XjqxTLrzrY=
9,-6,eibx7jEsp4X26Peh+TLKo9dszxQ=,fpUKi7EqY85XmISIb+az2k03R6M=
12,-7,1KqGvJsoEftq/hM+b4p4Ql8rBDY=,3tpFiZY+QGIG95J55oJfqEJWJ98=
11,-6,1KqGvJsoEftq/hM+b4p4Ql8rBDY=,QSDXNxGPGPZuo+yDd8EiOUGIp/w=
12,-6,1KqGvJsoEftq/hM+b4p4Ql8rBDY=,fiqpktpoyCb38JYFUf4fq9iIsSU=
11,-7,1KqGvJsoEftq/hM+b4p4Ql8rBDY=,Z0Y7QUGj+aJhN7DZ5XjqxTLrzrY=
13,-9,1KqGvJsoEftq/hM+b4p4Ql8rBDY=,ZlcTCXy4a0eZyg43Ho2lhuau6b0=
14,-8,1KqGvJsoEftq/hM+b4p4Ql8rBDY=,NfoiBl4vf52NcUnZnFVN+NcOdH4=
14,-9,1KqGvJsoEftq/hM+b4p4Ql8rBDY=,QVwiUfRRGFJDngRqEmLHNCgP4tI=
13,-8,1KqGvJsoEftq/hM+b4p4Ql8rBDY=,3tpFiZY+QGIG95J55oJfqEJWJ98=
5,-4,aBhiEJPkpeK5wizsfPFYSPNLZs8=,83LVwAKou8o9vENZtMZnzOhuCoU=
6,-4,aBhiEJPkpeK5wizsfPFYSPNLZs8=,Ew1Eh+1Dprj/nhF6xvxkT4jTihI=
5,-5,aBhiEJPkpeK5wizsfPFYSPNLZs8=,H1y6TZ/QNaxYacGmzTxBTx7EchI=
6,-5,aBhiEJPkpeK5wizsfPFYSPNLZs8=,ouMJs/83+d9pJHAEE5bOieboC6g=
3,-4,aBhiEJPkpeK5wizsfPFYSPNLZs8=,MB6UuEUxu8CAcKPe1okkwchXQJE=
4,-4,aBhiEJPkpeK5wizsfPFYSPNLZs8=,83LVwAKou8o9vENZtMZnzOhuCoU=
3,-5,aBhiEJPkpeK5wizsfPFYSPNLZs8=,Jsj2vMjwm9LwC3NeH597bc1oWjY=
4,-5,aBhiEJPkpeK5wizsfPFYSPNLZs8=,H1y6TZ/QNaxYacGmzTxBTx7EchI=
2,-6,zaIHmKiN9YEcLPMAp+lmrt6BTUI=,Jsj2vMjwm9LwC3NeH597bc1oWjY=
1,-7,zaIHmKiN9YEcLPMAp+lmrt6BTUI=,A0Z0Fr51PEUeFflGigvQVpMO1No=
1,-5,zaIHmKiN9YEcLPMAp+lmrt6BTUI=,VRe6WlKIVh17zT8HFacTI28EYYs=
1,-4,zaIHmKiN9YEcLPMAp+lmrt6BTUI=,rqOP+FhqAHrP2q60iPawTJOjEdY=
2,-4,zaIHmKiN9YEcLPMAp+lmrt6BTUI=,MB6UuEUxu8CAcKPe1okkwchXQJE=
2,-7,zaIHmKiN9YEcLPMAp+lmrt6BTUI=,5noXX3TaWKqksKIJo98bfQxXULM=
2,-5,zaIHmKiN9YEcLPMAp+lmrt6BTUI=,Jsj2vMjwm9LwC3NeH597bc1oWjY=
1,-6,zaIHmKiN9YEcLPMAp+lmrt6BTUI=,VRe6WlKIVh17zT8HFacTI28EYYs=
4,-6,zaIHmKiN9YEcLPMAp+lmrt6BTUI=,H1y6TZ/QNaxYacGmzTxBTx7EchI=
3,-7,zaIHmKiN9YEcLPMAp+lmrt6BTUI=,5noXX3TaWKqksKIJo98bfQxXULM=
3,-6,zaIHmKiN9YEcLPMAp+lmrt6BTUI=,Jsj2vMjwm9LwC3NeH597bc1oWjY=
4,-7,zaIHmKiN9YEcLPMAp+lmrt6BTUI=,w9omBZM/CRmXKzuO0bfNHuNhp3I=
3,-9,zaIHmKiN9YEcLPMAp+lmrt6BTUI=,MQSfkxH0Bz4+89vZlL5d7A3sDz4=
3,-8,zaIHmKiN9YEcLPMAp+lmrt6BTUI=,5noXX3TaWKqksKIJo98bfQxXULM=
4,-9,zaIHmKiN9YEcLPMAp+lmrt6BTUI=,xn8J9mRtFg9ikZmPaTsXEIP9G04=
4,-8,zaIHmKiN9YEcLPMAp+lmrt6BTUI=,w9omBZM/CRmXKzuO0bfNHuNhp3I=
5,-10,MCFsqQmqSrit8eTofGoggHHFAnw=,xn8J9mRtFg9ikZmPaTsXEIP9G04=
5,-11,MCFsqQmqSrit8eTofGoggHHFAnw=,x7cY2MthUihyRvs24udt5xCNq2c=
6,-10,MCFsqQmqSrit8eTofGoggHHFAnw=,jV+WUb54uQCcc+UFKh5F+e4aQw4=
6,-11,MCFsqQmqSrit8eTofGoggHHFAnw=,G5w5ksE2ydG70CMZLG6Dqfm+M4Y=
8,-13,MCFsqQmqSrit8eTofGoggHHFAnw=,XjxcD04LN0bcOfzZpY/LnR+mSNA=
7,-13,MCFsqQmqSrit8eTofGoggHHFAnw=,CJbK6iJeUMqixJHQtNsugLKF3IU=
8,-12,MCFsqQmqSrit8eTofGoggHHFAnw=,xh97F4I5OB5aimLdVSb51GpksZw=
7,-12,MCFsqQmqSrit8eTofGoggHHFAnw=,G5w5ksE2ydG70CMZLG6Dqfm+M4Y=
11,-10,MCFsqQmqSrit8eTofGoggHHFAnw=,jCpTLlB4GnAfNHB6PGnwjX3zSVY=
11,-11,MCFsqQmqSrit8eTofGoggHHFAnw=,RgxlehXiOC0pdyjsb56pMad8Vtk=
12,-9,MCFsqQmqSrit8eTofGoggHHFAnw=,ZlcTCXy4a0eZyg43Ho2lhuau6b0=
12,-10,MCFsqQmqSrit8eTofGoggHHFAnw=,ZlcTCXy4a0eZyg43Ho2lhuau6b0=
11,-8,MCFsqQmqSrit8eTofGoggHHFAnw=,Z0Y7QUGj+aJhN7DZ5XjqxTLrzrY=
11,-9,MCFsqQmqSrit8eTofGoggHHFAnw=,jCpTLlB4GnAfNHB6PGnwjX3zSVY=
12,-11,MCFsqQmqSrit8eTofGoggHHFAnw=,5u3Gz7JFO8RSz9xbVcoSqmoNGbY=
12,-8,MCFsqQmqSrit8eTofGoggHHFAnw=,3tpFiZY+QGIG95J55oJfqEJWJ98=
8,-14,MCFsqQmqSrit8eTofGoggHHFAnw=,XjxcD04LN0bcOfzZpY/LnR+mSNA=
7,-14,MCFsqQmqSrit8eTofGoggHHFAnw=,CJbK6iJeUMqixJHQtNsugLKF3IU=
8,-15,MCFsqQmqSrit8eTofGoggHHFAnw=,Nr1cCmhFjDETQyjokVHDiKLnEM0=
7,-15,MCFsqQmqSrit8eTofGoggHHFAnw=,PMJ9nIsqQ53k+2G7/YtW4XfYWkQ=
9,-14,MCFsqQmqSrit8eTofGoggHHFAnw=,XjxcD04LN0bcOfzZpY/LnR+mSNA=
10,-13,MCFsqQmqSrit8eTofGoggHHFAnw=,XXlMwzIF8bkkhVSAx8W/LasLSRA=
10,-14,MCFsqQmqSrit8eTofGoggHHFAnw=,XXlMwzIF8bkkhVSAx8W/LasLSRA=
9,-13,MCFsqQmqSrit8eTofGoggHHFAnw=,XjxcD04LN0bcOfzZpY/LnR+mSNA=
11,-14,MCFsqQmqSrit8eTofGoggHHFAnw=,XXlMwzIF8bkkhVSAx8W/LasLSRA=
11,-13,MCFsqQmqSrit8eTofGoggHHFAnw=,XXlMwzIF8bkkhVSAx8W/LasLSRA=
9,-12,MCFsqQmqSrit8eTofGoggHHFAnw=,xh97F4I5OB5aimLdVSb51GpksZw=
10,-12,MCFsqQmqSrit8eTofGoggHHFAnw=,RgxlehXiOC0pdyjsb56pMad8Vtk=
11,-12,MCFsqQmqSrit8eTofGoggHHFAnw=,RgxlehXiOC0pdyjsb56pMad8Vtk=
9,-15,MCFsqQmqSrit8eTofGoggHHFAnw=,Nr1cCmhFjDETQyjokVHDiKLnEM0=
12,-12,MCFsqQmqSrit8eTofGoggHHFAnw=,5u3Gz7JFO8RSz9xbVcoSqmoNGbY=
1,-9,MCFsqQmqSrit8eTofGoggHHFAnw=,wruYbcE5HVzxfCZV3jwWRl8YrnA=
2,-8,MCFsqQmqSrit8eTofGoggHHFAnw=,5noXX3TaWKqksKIJo98bfQxXULM=
1,-8,MCFsqQmqSrit8eTofGoggHHFAnw=,A0Z0Fr51PEUeFflGigvQVpMO1No=
2,-9,MCFsqQmqSrit8eTofGoggHHFAnw=,MQSfkxH0Bz4+89vZlL5d7A3sDz4=
9,-8,MCFsqQmqSrit8eTofGoggHHFAnw=,FLbc1tI4m/EtyTgrvc8BcLxO3vs=
10,-10,MCFsqQmqSrit8eTofGoggHHFAnw=,jCpTLlB4GnAfNHB6PGnwjX3zSVY=
10,-9,MCFsqQmqSrit8eTofGoggHHFAnw=,jCpTLlB4GnAfNHB6PGnwjX3zSVY=
8,-11,MCFsqQmqSrit8eTofGoggHHFAnw=,xh97F4I5OB5aimLdVSb51GpksZw=
9,-11,MCFsqQmqSrit8eTofGoggHHFAnw=,xh97F4I5OB5aimLdVSb51GpksZw=
10,-11,MCFsqQmqSrit8eTofGoggHHFAnw=,RgxlehXiOC0pdyjsb56pMad8Vtk=
7,-10,MCFsqQmqSrit8eTofGoggHHFAnw=,jV+WUb54uQCcc+UFKh5F+e4aQw4=
10,-8,MCFsqQmqSrit8eTofGoggHHFAnw=,Z0Y7QUGj+aJhN7DZ5XjqxTLrzrY=
8,-10,MCFsqQmqSrit8eTofGoggHHFAnw=,PFiTGGEf4/QcRZXVtnJrTMWtzcM=
7,-11,MCFsqQmqSrit8eTofGoggHHFAnw=,G5w5ksE2ydG70CMZLG6Dqfm+M4Y=
9,-9,MCFsqQmqSrit8eTofGoggHHFAnw=,PFiTGGEf4/QcRZXVtnJrTMWtzcM=
9,-10,MCFsqQmqSrit8eTofGoggHHFAnw=,PFiTGGEf4/QcRZXVtnJrTMWtzcM=
3,-10,MCFsqQmqSrit8eTofGoggHHFAnw=,MQSfkxH0Bz4+89vZlL5d7A3sDz4=
4,-10,MCFsqQmqSrit8eTofGoggHHFAnw=,xn8J9mRtFg9ikZmPaTsXEIP9G04=
4,-11,MCFsqQmqSrit8eTofGoggHHFAnw=,x7cY2MthUihyRvs24udt5xCNq2c=
3,-11,MCFsqQmqSrit8eTofGoggHHFAnw=,MiGA76CR39TbA7S39wKDtGYU+Hg=
6,-6,MCFsqQmqSrit8eTofGoggHHFAnw=,ouMJs/83+d9pJHAEE5bOieboC6g=
8,-7,MCFsqQmqSrit8eTofGoggHHFAnw=,FLbc1tI4m/EtyTgrvc8BcLxO3vs=
7,-7,MCFsqQmqSrit8eTofGoggHHFAnw=,cPq6LMA55IkkjwdMIw6CblM78dQ=
7,-9,MCFsqQmqSrit8eTofGoggHHFAnw=,jV+WUb54uQCcc+UFKh5F+e4aQw4=
8,-8,MCFsqQmqSrit8eTofGoggHHFAnw=,FLbc1tI4m/EtyTgrvc8BcLxO3vs=
6,-7,MCFsqQmqSrit8eTofGoggHHFAnw=,cPq6LMA55IkkjwdMIw6CblM78dQ=
8,-9,MCFsqQmqSrit8eTofGoggHHFAnw=,PFiTGGEf4/QcRZXVtnJrTMWtzcM=
5,-7,MCFsqQmqSrit8eTofGoggHHFAnw=,w9omBZM/CRmXKzuO0bfNHuNhp3I=
6,-9,MCFsqQmqSrit8eTofGoggHHFAnw=,jV+WUb54uQCcc+UFKh5F+e4aQw4=
7,-8,MCFsqQmqSrit8eTofGoggHHFAnw=,cPq6LMA55IkkjwdMIw6CblM78dQ=
5,-9,MCFsqQmqSrit8eTofGoggHHFAnw=,xn8J9mRtFg9ikZmPaTsXEIP9G04=
7,-6,MCFsqQmqSrit8eTofGoggHHFAnw=,ouMJs/83+d9pJHAEE5bOieboC6g=
5,-8,MCFsqQmqSrit8eTofGoggHHFAnw=,w9omBZM/CRmXKzuO0bfNHuNhp3I=
6,-8,MCFsqQmqSrit8eTofGoggHHFAnw=,cPq6LMA55IkkjwdMIw6CblM78dQ=
8,-6,MCFsqQmqSrit8eTofGoggHHFAnw=,fpUKi7EqY85XmISIb+az2k03R6M=
5,-6,MCFsqQmqSrit8eTofGoggHHFAnw=,H1y6TZ/QNaxYacGmzTxBTx7EchI=
4,-12,MCFsqQmqSrit8eTofGoggHHFAnw=,x7cY2MthUihyRvs24udt5xCNq2c=
4,-14,MCFsqQmqSrit8eTofGoggHHFAnw=,t3NvSWWGj/Q0EwjpHNCpegNnrtE=
6,-15,MCFsqQmqSrit8eTofGoggHHFAnw=,PMJ9nIsqQ53k+2G7/YtW4XfYWkQ=
3,-15,MCFsqQmqSrit8eTofGoggHHFAnw=,z2u2lOHp8swtsYUjOtrEVcW0gCY=
5,-15,MCFsqQmqSrit8eTofGoggHHFAnw=,kYuApn36dRQk1/Mi4p93lzb4dXQ=
4,-15,MCFsqQmqSrit8eTofGoggHHFAnw=,kYuApn36dRQk1/Mi4p93lzb4dXQ=
6,-13,MCFsqQmqSrit8eTofGoggHHFAnw=,CJbK6iJeUMqixJHQtNsugLKF3IU=
3,-12,MCFsqQmqSrit8eTofGoggHHFAnw=,MiGA76CR39TbA7S39wKDtGYU+Hg=
6,-14,vN4bp9qCFBRCM237nW3ajhx+4+w=,CJbK6iJeUMqixJHQtNsugLKF3IU=
4,-13,vN4bp9qCFBRCM237nW3ajhx+4+w=,t3NvSWWGj/Q0EwjpHNCpegNnrtE=
5,-14,vN4bp9qCFBRCM237nW3ajhx+4+w=,t3NvSWWGj/Q0EwjpHNCpegNnrtE=
5,-12,vN4bp9qCFBRCM237nW3ajhx+4+w=,x7cY2MthUihyRvs24udt5xCNq2c=
5,-13,vN4bp9qCFBRCM237nW3ajhx+4+w=,t3NvSWWGj/Q0EwjpHNCpegNnrtE=
6,-12,vN4bp9qCFBRCM237nW3ajhx+4+w=,G5w5ksE2ydG70CMZLG6Dqfm+M4Y=
2,-11,vN4bp9qCFBRCM237nW3ajhx+4+w=,MiGA76CR39TbA7S39wKDtGYU+Hg=
2,-10,vN4bp9qCFBRCM237nW3ajhx+4+w=,MQSfkxH0Bz4+89vZlL5d7A3sDz4=
1,-10,vN4bp9qCFBRCM237nW3ajhx+4+w=,wruYbcE5HVzxfCZV3jwWRl8YrnA=
1,-11,vN4bp9qCFBRCM237nW3ajhx+4+w=,w4PWuDlieQopHsCkV9f1i/UIdsc=
4,-16,vN4bp9qCFBRCM237nW3ajhx+4+w=,kYuApn36dRQk1/Mi4p93lzb4dXQ=
3,-16,vN4bp9qCFBRCM237nW3ajhx+4+w=,z2u2lOHp8swtsYUjOtrEVcW0gCY=
8,-16,vN4bp9qCFBRCM237nW3ajhx+4+w=,Nr1cCmhFjDETQyjokVHDiKLnEM0=
5,-16,vN4bp9qCFBRCM237nW3ajhx+4+w=,kYuApn36dRQk1/Mi4p93lzb4dXQ=
6,-16,vN4bp9qCFBRCM237nW3ajhx+4+w=,PMJ9nIsqQ53k+2G7/YtW4XfYWkQ=
7,-16,vN4bp9qCFBRCM237nW3ajhx+4+w=,PMJ9nIsqQ53k+2G7/YtW4XfYWkQ=
13,-11,vN4bp9qCFBRCM237nW3ajhx+4+w=,5u3Gz7JFO8RSz9xbVcoSqmoNGbY=
13,-12,vN4bp9qCFBRCM237nW3ajhx+4+w=,5u3Gz7JFO8RSz9xbVcoSqmoNGbY=
14,-11,vN4bp9qCFBRCM237nW3ajhx+4+w=,7tnFEFpJrkUGabcC3vmzzeHeHyE=
13,-10,vN4bp9qCFBRCM237nW3ajhx+4+w=,ZlcTCXy4a0eZyg43Ho2lhuau6b0=
14,-12,vN4bp9qCFBRCM237nW3ajhx+4+w=,7tnFEFpJrkUGabcC3vmzzeHeHyE=
14,-10,vN4bp9qCFBRCM237nW3ajhx+4+w=,QVwiUfRRGFJDngRqEmLHNCgP4tI=
15,-10,vN4bp9qCFBRCM237nW3ajhx+4+w=,QVwiUfRRGFJDngRqEmLHNCgP4tI=
15,-11,vN4bp9qCFBRCM237nW3ajhx+4+w=,7tnFEFpJrkUGabcC3vmzzeHeHyE=
0,-12,vN4bp9qCFBRCM237nW3ajhx+4+w=,w4PWuDlieQopHsCkV9f1i/UIdsc=
1,-12,vN4bp9qCFBRCM237nW3ajhx+4+w=,w4PWuDlieQopHsCkV9f1i/UIdsc=
2,-12,vN4bp9qCFBRCM237nW3ajhx+4+w=,MiGA76CR39TbA7S39wKDtGYU+Hg=
1,-13,vN4bp9qCFBRCM237nW3ajhx+4+w=,D2q6BDMJHmO897STRmzqB6CdhwE=
0,-13,vN4bp9qCFBRCM237nW3ajhx+4+w=,D2q6BDMJHmO897STRmzqB6CdhwE=
15,-9,vN4bp9qCFBRCM237nW3ajhx+4+w=,QVwiUfRRGFJDngRqEmLHNCgP4tI=
15,-8,vN4bp9qCFBRCM237nW3ajhx+4+w=,NfoiBl4vf52NcUnZnFVN+NcOdH4=
2,-16,vN4bp9qCFBRCM237nW3ajhx+4+w=,z2u2lOHp8swtsYUjOtrEVcW0gCY=
0,-14,vN4bp9qCFBRCM237nW3ajhx+4+w=,D2q6BDMJHmO897STRmzqB6CdhwE=
0,-15,vN4bp9qCFBRCM237nW3ajhx+4+w=,uNNTUk6NQlQj7ZUF0VSeVqy04Co=
1,-15,vN4bp9qCFBRCM237nW3ajhx+4+w=,uNNTUk6NQlQj7ZUF0VSeVqy04Co=
1,-14,vN4bp9qCFBRCM237nW3ajhx+4+w=,D2q6BDMJHmO897STRmzqB6CdhwE=
2,-15,vN4bp9qCFBRCM237nW3ajhx+4+w=,z2u2lOHp8swtsYUjOtrEVcW0gCY=
1,-16,vN4bp9qCFBRCM237nW3ajhx+4+w=,uNNTUk6NQlQj7ZUF0VSeVqy04Co=
0,-16,vN4bp9qCFBRCM237nW3ajhx+4+w=,uNNTUk6NQlQj7ZUF0VSeVqy04Co=
14,-1,vN4bp9qCFBRCM237nW3ajhx+4+w=,FIP5hQ9wYNe2puWJ4ks2Q2XOGlE=
13,-1,vN4bp9qCFBRCM237nW3ajhx+4+w=,3TTDVx3wr0g/H4+TfG3zdtSqsqs=
15,-1,vN4bp9qCFBRCM237nW3ajhx+4+w=,FIP5hQ9wYNe2puWJ4ks2Q2XOGlE=
14,-2,vN4bp9qCFBRCM237nW3ajhx+4+w=,FIP5hQ9wYNe2puWJ4ks2Q2XOGlE=
13,-3,vN4bp9qCFBRCM237nW3ajhx+4+w=,PD0v5WIC5bsq1GUFKdZO3G4flVk=
15,-3,vN4bp9qCFBRCM237nW3ajhx+4+w=,yZGBc4O1vcM3y8EGRAw/t/NnLyA=
13,-2,vN4bp9qCFBRCM237nW3ajhx+4+w=,3TTDVx3wr0g/H4+TfG3zdtSqsqs=
14,-3,vN4bp9qCFBRCM237nW3ajhx+4+w=,yZGBc4O1vcM3y8EGRAw/t/NnLyA=
15,-2,vN4bp9qCFBRCM237nW3ajhx+4+w=,FIP5hQ9wYNe2puWJ4ks2Q2XOGlE=
15,-6,vN4bp9qCFBRCM237nW3ajhx+4+w=,tYnQPzSOSGyFwx9QPrHIttKNY+A=
13,-4,vN4bp9qCFBRCM237nW3ajhx+4+w=,PD0v5WIC5bsq1GUFKdZO3G4flVk=
13,-6,vN4bp9qCFBRCM237nW3ajhx+4+w=,fiqpktpoyCb38JYFUf4fq9iIsSU=
15,-4,vN4bp9qCFBRCM237nW3ajhx+4+w=,yZGBc4O1vcM3y8EGRAw/t/NnLyA=
15,-7,vN4bp9qCFBRCM237nW3ajhx+4+w=,NfoiBl4vf52NcUnZnFVN+NcOdH4=
14,-5,vN4bp9qCFBRCM237nW3ajhx+4+w=,tYnQPzSOSGyFwx9QPrHIttKNY+A=
14,-6,vN4bp9qCFBRCM237nW3ajhx+4+w=,tYnQPzSOSGyFwx9QPrHIttKNY+A=
14,-4,vN4bp9qCFBRCM237nW3ajhx+4+w=,yZGBc4O1vcM3y8EGRAw/t/NnLyA=
14,-7,vN4bp9qCFBRCM237nW3ajhx+4+w=,NfoiBl4vf52NcUnZnFVN+NcOdH4=
13,-5,vN4bp9qCFBRCM237nW3ajhx+4+w=,fiqpktpoyCb38JYFUf4fq9iIsSU=
13,-7,vN4bp9qCFBRCM237nW3ajhx+4+w=,3tpFiZY+QGIG95J55oJfqEJWJ98=
15,-5,vN4bp9qCFBRCM237nW3ajhx+4+w=,tYnQPzSOSGyFwx9QPrHIttKNY+A=
4,-2,tiV4jXFeyJvagKGOQz4UHVWK96s=,eh7W6FqL8KnHbVznR1Ft0EBO2sg=
3,-3,tiV4jXFeyJvagKGOQz4UHVWK96s=,MB6UuEUxu8CAcKPe1okkwchXQJE=
4,-3,tiV4jXFeyJvagKGOQz4UHVWK96s=,83LVwAKou8o9vENZtMZnzOhuCoU=
3,-2,tiV4jXFeyJvagKGOQz4UHVWK96s=,BgDkgG2f0ld9VuQD9RKpQMfc18s=
1,-3,tiV4jXFeyJvagKGOQz4UHVWK96s=,rqOP+FhqAHrP2q60iPawTJOjEdY=
2,-2,tiV4jXFeyJvagKGOQz4UHVWK96s=,BgDkgG2f0ld9VuQD9RKpQMfc18s=
1,-2,tiV4jXFeyJvagKGOQz4UHVWK96s=,9T4FZmsHewpJ1xbgRKDTdMLEhUo=
2,-3,tiV4jXFeyJvagKGOQz4UHVWK96s=,MB6UuEUxu8CAcKPe1okkwchXQJE=
12,-1,tiV4jXFeyJvagKGOQz4UHVWK96s=,3TTDVx3wr0g/H4+TfG3zdtSqsqs=
11,-1,tiV4jXFeyJvagKGOQz4UHVWK96s=,NZNrekpSltjvjw1/6vghiqFLQQM=
5,-3,tiV4jXFeyJvagKGOQz4UHVWK96s=,83LVwAKou8o9vENZtMZnzOhuCoU=
6,-1,tiV4jXFeyJvagKGOQz4UHVWK96s=,KQPr5xlcnILCSwXE7c0FRHEtMNg=
5,-2,tiV4jXFeyJvagKGOQz4UHVWK96s=,eh7W6FqL8KnHbVznR1Ft0EBO2sg=
5,-1,tiV4jXFeyJvagKGOQz4UHVWK96s=,eh7W6FqL8KnHbVznR1Ft0EBO2sg=
6,-2,tiV4jXFeyJvagKGOQz4UHVWK96s=,KQPr5xlcnILCSwXE7c0FRHEtMNg=
6,-3,tiV4jXFeyJvagKGOQz4UHVWK96s=,Ew1Eh+1Dprj/nhF6xvxkT4jTihI=
4,-1,tiV4jXFeyJvagKGOQz4UHVWK96s=,eh7W6FqL8KnHbVznR1Ft0EBO2sg=
3,-1,tiV4jXFeyJvagKGOQz4UHVWK96s=,BgDkgG2f0ld9VuQD9RKpQMfc18s=
2,-1,tiV4jXFeyJvagKGOQz4UHVWK96s=,BgDkgG2f0ld9VuQD9RKpQMfc18s=
1,-1,tiV4jXFeyJvagKGOQz4UHVWK96s=,9T4FZmsHewpJ1xbgRKDTdMLEhUo=
0,-4,tiV4jXFeyJvagKGOQz4UHVWK96s=,rqOP+FhqAHrP2q60iPawTJOjEdY=
0,-5,tiV4jXFeyJvagKGOQz4UHVWK96s=,VRe6WlKIVh17zT8HFacTI28EYYs=
0,-2,tiV4jXFeyJvagKGOQz4UHVWK96s=,9T4FZmsHewpJ1xbgRKDTdMLEhUo=
0,-6,tiV4jXFeyJvagKGOQz4UHVWK96s=,VRe6WlKIVh17zT8HFacTI28EYYs=
0,-10,tiV4jXFeyJvagKGOQz4UHVWK96s=,wruYbcE5HVzxfCZV3jwWRl8YrnA=
0,-7,tiV4jXFeyJvagKGOQz4UHVWK96s=,A0Z0Fr51PEUeFflGigvQVpMO1No=
0,-3,tiV4jXFeyJvagKGOQz4UHVWK96s=,rqOP+FhqAHrP2q60iPawTJOjEdY=
0,-9,tiV4jXFeyJvagKGOQz4UHVWK96s=,wruYbcE5HVzxfCZV3jwWRl8YrnA=
0,-8,tiV4jXFeyJvagKGOQz4UHVWK96s=,A0Z0Fr51PEUeFflGigvQVpMO1No=
15,-12,tiV4jXFeyJvagKGOQz4UHVWK96s=,7tnFEFpJrkUGabcC3vmzzeHeHyE=
0,-11,tiV4jXFeyJvagKGOQz4UHVWK96s=,w4PWuDlieQopHsCkV9f1i/UIdsc=
9,-16,tiV4jXFeyJvagKGOQz4UHVWK96s=,Nr1cCmhFjDETQyjokVHDiKLnEM0=
0,-1,tiV4jXFeyJvagKGOQz4UHVWK96s=,9T4FZmsHewpJ1xbgRKDTdMLEhUo=
8,-5,tiV4jXFeyJvagKGOQz4UHVWK96s=,fpUKi7EqY85XmISIb+az2k03R6M=
9,-5,tiV4jXFeyJvagKGOQz4UHVWK96s=,fpUKi7EqY85XmISIb+az2k03R6M=
10,-4,tiV4jXFeyJvagKGOQz4UHVWK96s=,58645EZxwHkLI3xLNGlF2bxkb2c=
7,-5,tiV4jXFeyJvagKGOQz4UHVWK96s=,ouMJs/83+d9pJHAEE5bOieboC6g=
7,-4,tiV4jXFeyJvagKGOQz4UHVWK96s=,Ew1Eh+1Dprj/nhF6xvxkT4jTihI=
10,-5,tiV4jXFeyJvagKGOQz4UHVWK96s=,QSDXNxGPGPZuo+yDd8EiOUGIp/w=
9,-4,tiV4jXFeyJvagKGOQz4UHVWK96s=,rVZVjdeLYIU+Zw1p9yGvGY0U5KY=
8,-4,tiV4jXFeyJvagKGOQz4UHVWK96s=,rVZVjdeLYIU+Zw1p9yGvGY0U5KY=
7,-3,tiV4jXFeyJvagKGOQz4UHVWK96s=,Ew1Eh+1Dprj/nhF6xvxkT4jTihI=
10,-2,tiV4jXFeyJvagKGOQz4UHVWK96s=,NZNrekpSltjvjw1/6vghiqFLQQM=
7,-1,tiV4jXFeyJvagKGOQz4UHVWK96s=,KQPr5xlcnILCSwXE7c0FRHEtMNg=
10,-1,tiV4jXFeyJvagKGOQz4UHVWK96s=,NZNrekpSltjvjw1/6vghiqFLQQM=
9,-3,tiV4jXFeyJvagKGOQz4UHVWK96s=,rVZVjdeLYIU+Zw1p9yGvGY0U5KY=
10,-3,tiV4jXFeyJvagKGOQz4UHVWK96s=,58645EZxwHkLI3xLNGlF2bxkb2c=
9,-1,tiV4jXFeyJvagKGOQz4UHVWK96s=,xSkfQMqv1CVdw3i1VVRQDhwcKbQ=
9,-2,tiV4jXFeyJvagKGOQz4UHVWK96s=,xSkfQMqv1CVdw3i1VVRQDhwcKbQ=
7,-2,tiV4jXFeyJvagKGOQz4UHVWK96s=,KQPr5xlcnILCSwXE7c0FRHEtMNg=
8,-3,tiV4jXFeyJvagKGOQz4UHVWK96s=,rVZVjdeLYIU+Zw1p9yGvGY0U5KY=
8,-2,tiV4jXFeyJvagKGOQz4UHVWK96s=,xSkfQMqv1CVdw3i1VVRQDhwcKbQ=
8,-1,tiV4jXFeyJvagKGOQz4UHVWK96s=,xSkfQMqv1CVdw3i1VVRQDhwcKbQ=
5,-20,Rr99qwIQ1h2gTEYznwaoPtdQ8SY=,W0lk0u2CA9hiV9aZIkhDTnUX3E0=
6,-21,Rr99qwIQ1h2gTEYznwaoPtdQ8SY=,VhM+g3Deaj6//MDEX/3+oufKnAA=
5,-21,Rr99qwIQ1h2gTEYznwaoPtdQ8SY=,pWnBuVBHf+a6DOnIoNSY2dszjDs=
6,-20,Rr99qwIQ1h2gTEYznwaoPtdQ8SY=,XdODxelnVL2FLSTopmOTfAOZEQ0=
6,-24,w8sESHRpGRBwV45tv/AOlCRKoDA=,SmI5vVYAvbDYmmel71pwk/34PO8=
5,-23,w8sESHRpGRBwV45tv/AOlCRKoDA=,vrJYzMWWFT3eIwOV4Svh8Th2uBY=
5,-22,w8sESHRpGRBwV45tv/AOlCRKoDA=,pWnBuVBHf+a6DOnIoNSY2dszjDs=
6,-25,w8sESHRpGRBwV45tv/AOlCRKoDA=,d2qv8DcGWf6pnUoKFwHWWljA/pk=
6,-23,w8sESHRpGRBwV45tv/AOlCRKoDA=,SmI5vVYAvbDYmmel71pwk/34PO8=
5,-24,w8sESHRpGRBwV45tv/AOlCRKoDA=,vrJYzMWWFT3eIwOV4Svh8Th2uBY=
5,-25,w8sESHRpGRBwV45tv/AOlCRKoDA=,VLKvZY9MmD2LK53k8fjlKSHMNqo=
6,-22,w8sESHRpGRBwV45tv/AOlCRKoDA=,VhM+g3Deaj6//MDEX/3+oufKnAA=
3,-20,w8sESHRpGRBwV45tv/AOlCRKoDA=,GvVKcN3d8Ep/kSw7GH2eq8Aszos=
3,-21,w8sESHRpGRBwV45tv/AOlCRKoDA=,r74Mom4BchFWEWIhRIJmWr3f/n0=
4,-21,w8sESHRpGRBwV45tv/AOlCRKoDA=,pWnBuVBHf+a6DOnIoNSY2dszjDs=
4,-20,w8sESHRpGRBwV45tv/AOlCRKoDA=,W0lk0u2CA9hiV9aZIkhDTnUX3E0=
4,-22,w8sESHRpGRBwV45tv/AOlCRKoDA=,pWnBuVBHf+a6DOnIoNSY2dszjDs=
4,-23,w8sESHRpGRBwV45tv/AOlCRKoDA=,vrJYzMWWFT3eIwOV4Svh8Th2uBY=
3,-22,w8sESHRpGRBwV45tv/AOlCRKoDA=,r74Mom4BchFWEWIhRIJmWr3f/n0=
3,-23,w8sESHRpGRBwV45tv/AOlCRKoDA=,+2+VKqDe5zgx5nEB99zbtw7hZEU=
3,-24,w8sESHRpGRBwV45tv/AOlCRKoDA=,+2+VKqDe5zgx5nEB99zbtw7hZEU=
3,-25,w8sESHRpGRBwV45tv/AOlCRKoDA=,ANP7W5y/7rLwWYYwcQx/X4B739k=
4,-25,w8sESHRpGRBwV45tv/AOlCRKoDA=,VLKvZY9MmD2LK53k8fjlKSHMNqo=
4,-24,w8sESHRpGRBwV45tv/AOlCRKoDA=,vrJYzMWWFT3eIwOV4Svh8Th2uBY=
2,-24,w8sESHRpGRBwV45tv/AOlCRKoDA=,+2+VKqDe5zgx5nEB99zbtw7hZEU=
1,-25,w8sESHRpGRBwV45tv/AOlCRKoDA=,Qn+Z0ltytsxbW4cYXErP7LKWZ6A=
2,-25,w8sESHRpGRBwV45tv/AOlCRKoDA=,ANP7W5y/7rLwWYYwcQx/X4B739k=
1,-24,w8sESHRpGRBwV45tv/AOlCRKoDA=,VK6lpPtjno1pOecz321cMFda4E0=
2,-20,w8sESHRpGRBwV45tv/AOlCRKoDA=,GvVKcN3d8Ep/kSw7GH2eq8Aszos=
1,-23,w8sESHRpGRBwV45tv/AOlCRKoDA=,VK6lpPtjno1pOecz321cMFda4E0=
1,-20,w8sESHRpGRBwV45tv/AOlCRKoDA=,jzHYu+gVu4AurlKGqdOrKE/9nvk=
2,-21,w8sESHRpGRBwV45tv/AOlCRKoDA=,r74Mom4BchFWEWIhRIJmWr3f/n0=
2,-22,w8sESHRpGRBwV45tv/AOlCRKoDA=,r74Mom4BchFWEWIhRIJmWr3f/n0=
2,-23,w8sESHRpGRBwV45tv/AOlCRKoDA=,+2+VKqDe5zgx5nEB99zbtw7hZEU=
1,-21,w8sESHRpGRBwV45tv/AOlCRKoDA=,tffPAZE7uPEdgRAZmhTwBnIoXcM=
1,-22,w8sESHRpGRBwV45tv/AOlCRKoDA=,tffPAZE7uPEdgRAZmhTwBnIoXcM=
4,-18,w8sESHRpGRBwV45tv/AOlCRKoDA=,52Aam5Pdb9QvtU1bFTX63/cxTyA=
5,-18,w8sESHRpGRBwV45tv/AOlCRKoDA=,52Aam5Pdb9QvtU1bFTX63/cxTyA=
6,-19,w8sESHRpGRBwV45tv/AOlCRKoDA=,XdODxelnVL2FLSTopmOTfAOZEQ0=
4,-19,w8sESHRpGRBwV45tv/AOlCRKoDA=,W0lk0u2CA9hiV9aZIkhDTnUX3E0=
3,-18,w8sESHRpGRBwV45tv/AOlCRKoDA=,uX/xO4k5dGWTWRJXtXra0g843Zo=
6,-18,w8sESHRpGRBwV45tv/AOlCRKoDA=,p+QUitdz9Bho5J3r6Dm6A0MQmmU=
3,-19,w8sESHRpGRBwV45tv/AOlCRKoDA=,GvVKcN3d8Ep/kSw7GH2eq8Aszos=
5,-19,w8sESHRpGRBwV45tv/AOlCRKoDA=,W0lk0u2CA9hiV9aZIkhDTnUX3E0=
0,-25,w8sESHRpGRBwV45tv/AOlCRKoDA=,Qn+Z0ltytsxbW4cYXErP7LKWZ6A=
0,-24,w8sESHRpGRBwV45tv/AOlCRKoDA=,VK6lpPtjno1pOecz321cMFda4E0=
0,-23,w8sESHRpGRBwV45tv/AOlCRKoDA=,VK6lpPtjno1pOecz321cMFda4E0=
0,-22,w8sESHRpGRBwV45tv/AOlCRKoDA=,tffPAZE7uPEdgRAZmhTwBnIoXcM=
4,-17,w8sESHRpGRBwV45tv/AOlCRKoDA=,52Aam5Pdb9QvtU1bFTX63/cxTyA=
0,-21,w8sESHRpGRBwV45tv/AOlCRKoDA=,tffPAZE7uPEdgRAZmhTwBnIoXcM=
3,-17,w8sESHRpGRBwV45tv/AOlCRKoDA=,uX/xO4k5dGWTWRJXtXra0g843Zo=
7,-23,w8sESHRpGRBwV45tv/AOlCRKoDA=,SmI5vVYAvbDYmmel71pwk/34PO8=
7,-24,w8sESHRpGRBwV45tv/AOlCRKoDA=,SmI5vVYAvbDYmmel71pwk/34PO8=
7,-25,w8sESHRpGRBwV45tv/AOlCRKoDA=,d2qv8DcGWf6pnUoKFwHWWljA/pk=
7,-26,w8sESHRpGRBwV45tv/AOlCRKoDA=,d2qv8DcGWf6pnUoKFwHWWljA/pk=
0,-30,w8sESHRpGRBwV45tv/AOlCRKoDA=,QuCAu2XHfGTZHK7aJQ4NCbxRYBw=
3,-27,w8sESHRpGRBwV45tv/AOlCRKoDA=,GUVHvxCw7iSPIWMeT0+3AUOIoLI=
1,-30,w8sESHRpGRBwV45tv/AOlCRKoDA=,QuCAu2XHfGTZHK7aJQ4NCbxRYBw=
5,-26,w8sESHRpGRBwV45tv/AOlCRKoDA=,VLKvZY9MmD2LK53k8fjlKSHMNqo=
0,-20,w8sESHRpGRBwV45tv/AOlCRKoDA=,jzHYu+gVu4AurlKGqdOrKE/9nvk=
6,-26,w8sESHRpGRBwV45tv/AOlCRKoDA=,d2qv8DcGWf6pnUoKFwHWWljA/pk=
3,-26,w8sESHRpGRBwV45tv/AOlCRKoDA=,ANP7W5y/7rLwWYYwcQx/X4B739k=
3,-28,w8sESHRpGRBwV45tv/AOlCRKoDA=,GUVHvxCw7iSPIWMeT0+3AUOIoLI=
4,-26,w8sESHRpGRBwV45tv/AOlCRKoDA=,VLKvZY9MmD2LK53k8fjlKSHMNqo=
9,-20,w8sESHRpGRBwV45tv/AOlCRKoDA=,syahVhZzaVQKPOpSV+GSJxHO4kU=
7,-22,w8sESHRpGRBwV45tv/AOlCRKoDA=,VhM+g3Deaj6//MDEX/3+oufKnAA=
8,-18,w8sESHRpGRBwV45tv/AOlCRKoDA=,FbfHZIvM7yoJwbKcgBLbEnNlwSU=
9,-18,w8sESHRpGRBwV45tv/AOlCRKoDA=,FbfHZIvM7yoJwbKcgBLbEnNlwSU=
7,-18,w8sESHRpGRBwV45tv/AOlCRKoDA=,p+QUitdz9Bho5J3r6Dm6A0MQmmU=
7,-19,w8sESHRpGRBwV45tv/AOlCRKoDA=,XdODxelnVL2FLSTopmOTfAOZEQ0=
9,-19,w8sESHRpGRBwV45tv/AOlCRKoDA=,syahVhZzaVQKPOpSV+GSJxHO4kU=
8,-20,w8sESHRpGRBwV45tv/AOlCRKoDA=,syahVhZzaVQKPOpSV+GSJxHO4kU=
8,-19,w8sESHRpGRBwV45tv/AOlCRKoDA=,syahVhZzaVQKPOpSV+GSJxHO4kU=
9,-17,w8sESHRpGRBwV45tv/AOlCRKoDA=,FbfHZIvM7yoJwbKcgBLbEnNlwSU=
7,-20,w8sESHRpGRBwV45tv/AOlCRKoDA=,XdODxelnVL2FLSTopmOTfAOZEQ0=
7,-21,w8sESHRpGRBwV45tv/AOlCRKoDA=,VhM+g3Deaj6//MDEX/3+oufKnAA=
7,-17,w8sESHRpGRBwV45tv/AOlCRKoDA=,p+QUitdz9Bho5J3r6Dm6A0MQmmU=
6,-17,w8sESHRpGRBwV45tv/AOlCRKoDA=,p+QUitdz9Bho5J3r6Dm6A0MQmmU=
8,-17,w8sESHRpGRBwV45tv/AOlCRKoDA=,FbfHZIvM7yoJwbKcgBLbEnNlwSU=
5,-17,w8sESHRpGRBwV45tv/AOlCRKoDA=,52Aam5Pdb9QvtU1bFTX63/cxTyA=
0,-19,w8sESHRpGRBwV45tv/AOlCRKoDA=,jzHYu+gVu4AurlKGqdOrKE/9nvk=
1,-17,w8sESHRpGRBwV45tv/AOlCRKoDA=,kgIdPcJzrDgOFQM8HXGueBXX/sk=
2,-19,w8sESHRpGRBwV45tv/AOlCRKoDA=,GvVKcN3d8Ep/kSw7GH2eq8Aszos=
2,-18,w8sESHRpGRBwV45tv/AOlCRKoDA=,uX/xO4k5dGWTWRJXtXra0g843Zo=
1,-18,w8sESHRpGRBwV45tv/AOlCRKoDA=,kgIdPcJzrDgOFQM8HXGueBXX/sk=
2,-17,w8sESHRpGRBwV45tv/AOlCRKoDA=,uX/xO4k5dGWTWRJXtXra0g843Zo=
1,-19,w8sESHRpGRBwV45tv/AOlCRKoDA=,jzHYu+gVu4AurlKGqdOrKE/9nvk=
0,-18,w8sESHRpGRBwV45tv/AOlCRKoDA=,kgIdPcJzrDgOFQM8HXGueBXX/sk=
0,-17,w8sESHRpGRBwV45tv/AOlCRKoDA=,kgIdPcJzrDgOFQM8HXGueBXX/sk=
1,-26,w8sESHRpGRBwV45tv/AOlCRKoDA=,Qn+Z0ltytsxbW4cYXErP7LKWZ6A=
0,-29,w8sESHRpGRBwV45tv/AOlCRKoDA=,QuCAu2XHfGTZHK7aJQ4NCbxRYBw=
2,-28,w8sESHRpGRBwV45tv/AOlCRKoDA=,GUVHvxCw7iSPIWMeT0+3AUOIoLI=
0,-26,w8sESHRpGRBwV45tv/AOlCRKoDA=,Qn+Z0ltytsxbW4cYXErP7LKWZ6A=
2,-27,w8sESHRpGRBwV45tv/AOlCRKoDA=,GUVHvxCw7iSPIWMeT0+3AUOIoLI=
2,-26,w8sESHRpGRBwV45tv/AOlCRKoDA=,ANP7W5y/7rLwWYYwcQx/X4B739k=
1,-27,w8sESHRpGRBwV45tv/AOlCRKoDA=,9neW9iM3J4mGxUibQapBpHFmtr4=
1,-29,w8sESHRpGRBwV45tv/AOlCRKoDA=,QuCAu2XHfGTZHK7aJQ4NCbxRYBw=
0,-27,w8sESHRpGRBwV45tv/AOlCRKoDA=,9neW9iM3J4mGxUibQapBpHFmtr4=
0,-28,w8sESHRpGRBwV45tv/AOlCRKoDA=,9neW9iM3J4mGxUibQapBpHFmtr4=
1,-28,w8sESHRpGRBwV45tv/AOlCRKoDA=,9neW9iM3J4mGxUibQapBpHFmtr4=
