3,35,qwICyjKs4tHePvpYhAxo0gu4pNA=,LxBaTlJjnn+6QEQfPP8yAmN2iAA=
5,32,qwICyjKs4tHePvpYhAxo0gu4pNA=,wKMhQegTxjkrVCByulatGoFWqBA=
5,33,qwICyjKs4tHePvpYhAxo0gu4pNA=,wKMhQegTxjkrVCByulatGoFWqBA=
1,35,qwICyjKs4tHePvpYhAxo0gu4pNA=,wTsY0ffYYimaAQV984I1M4esvdY=
2,35,qwICyjKs4tHePvpYhAxo0gu4pNA=,LxBaTlJjnn+6QEQfPP8yAmN2iAA=
0,35,qwICyjKs4tHePvpYhAxo0gu4pNA=,wTsY0ffYYimaAQV984I1M4esvdY=
0,32,qwICyjKs4tHePvpYhAxo0gu4pNA=,GeHGKCUgnaF4cHDT22L5h4s9c5Y=
0,33,qwICyjKs4tHePvpYhAxo0gu4pNA=,GeHGKCUgnaF4cHDT22L5h4s9c5Y=
0,34,qwICyjKs4tHePvpYhAxo0gu4pNA=,wTsY0ffYYimaAQV984I1M4esvdY=
4,33,qwICyjKs4tHePvpYhAxo0gu4pNA=,wKMhQegTxjkrVCByulatGoFWqBA=
1,34,qwICyjKs4tHePvpYhAxo0gu4pNA=,wTsY0ffYYimaAQV984I1M4esvdY=
4,32,qwICyjKs4tHePvpYhAxo0gu4pNA=,wKMhQegTxjkrVCByulatGoFWqBA=
2,34,qwICyjKs4tHePvpYhAxo0gu4pNA=,LxBaTlJjnn+6QEQfPP8yAmN2iAA=
1,33,qwICyjKs4tHePvpYhAxo0gu4pNA=,GeHGKCUgnaF4cHDT22L5h4s9c5Y=
3,33,qwICyjKs4tHePvpYhAxo0gu4pNA=,qlx7as9xiyRPktbpNlEHxv2G4vc=
3,34,qwICyjKs4tHePvpYhAxo0gu4pNA=,LxBaTlJjnn+6QEQfPP8yAmN2iAA=
2,33,qwICyjKs4tHePvpYhAxo0gu4pNA=,qlx7as9xiyRPktbpNlEHxv2G4vc=
1,32,qwICyjKs4tHePvpYhAxo0gu4pNA=,GeHGKCUgnaF4cHDT22L5h4s9c5Y=
3,32,qwICyjKs4tHePvpYhAxo0gu4pNA=,qlx7as9xiyRPktbpNlEHxv2G4vc=
2,32,qwICyjKs4tHePvpYhAxo0gu4pNA=,qlx7as9xiyRPktbpNlEHxv2G4vc=
